PUBLISHER|TITLE|NAME|KEY|COVER|DEMOGRAPHY|FORMAT|TYPE|FREQUENCY|STATUS|TOTAL_ISSUES|RELEASE_DATE|GENRES|AUTHORS|WHAKOOM URL|PUBLISHER URL
6313cd63e79ac634c6e80cca|637acaa5a9208d5cf27cdfab|20th Century Boys|20th-century-boys|-|Seinen|Tankōbon|manga|monthly|completed|22|2015-11-03|Mystery, Science Fiction, Thriller|Author: Naoki Urasawa|/ediciones/379813/20th_century_boys-rustica/todos|-
6313cd63e79ac634c6e80cca|637acaa5a9208d5cf27cdfac|21st Century Boys|21st-century-boys|-|Seinen|Tankōbon|manga|monthly|completed|2|2017-02-22|Mystery, Science Fiction, Thriller|Author: Naoki Urasawa|/ediciones/409866/21st_century_boys-rustica/todos|-
6313cd63e79ac634c6e80cca|637acaa5a9208d5cf27cdfad|¡Maid Sama!|maid-sama|-|Shōjo|Tankōbon|manga|monthly|completed|18|2014-09-14|Romantic Comedy|Author: Hiro Fujiwara|/ediciones/354945/maid_sama-rustica/todos|-
6313cd63e79ac634c6e80cca|637acaa5a9208d5cf27cdfae|Ajin|ajin|-|Seinen|Tankōbon|manga|monthly|completed|17|2016-09-01|Action, Dark Fantasy, Supernatural Thriller|Author: Gamon Sakurai|/ediciones/403727/ajin_semihumano-rustica/todos|-
6313cd63e79ac634c6e80cca|637acaa5a9208d5cf27cdfaf|Akame Ga Kill!|akame-ga-kill|-|Shōnen|Tankōbon|manga|monthly|completed|15|2018-08-15|Action, Dark Fantasy|Writer: Takahiro; Illustrator: Tetsuya Tashiro|/ediciones/509583/akame_ga_kill-rustica/todos|-
6313cd63e79ac634c6e80cca|637acaa5a9208d5cf27cdfb0|Akira|akira|-|Seinen|Monster|manga|quarterly|completed|6|2018-05-16|Cyberpunk, Political Thriller, Post-Apocalyptic|Author: Katsuhiro Otomo|/ediciones/490087/akira-rustica_con_sobrecubierta/todos|-
6313cd63e79ac634c6e80cca|637acaa5a9208d5cf27cdfb1|All You Need Is Kill|all-you-need-is-kIll|-|Seinen|Tankōbon|manga|bimonthly|completed|2|2016-07-20|Action, Adventure, Science Fiction|Writer: Hiroshi Sakurazaka; Illustrator: Yoshitoshi Abe|/ediciones/402597/all_you_need_is_kill-rustica/todos|-
6313cd63e79ac634c6e80cca|637acaa5a9208d5cf27cdfb2|Alice 19th|alice-19th|-|Shōjo|Tankōbon|manga|bimonthly|completed|7|2015-08-07|Romance|Author: Yuu Watase|/ediciones/393250/alice_19th-rustica/todos|-
6313cd63e79ac634c6e80cca|637acaa5a9208d5cf27cdfb3|Alma|alma|-|Seinen|Tankōbon|manga|monthly|completed|4|2021-08-21|Adventure, Drama, Sci-Fi|Author: Shinji Mito|/ediciones/608478/alma-rustica_con_sobrecubierta/todos|-
6313cd63e79ac634c6e80cca|637acaa5a9208d5cf27cdfb4|Aoha Raido|aoha-raido|-|Shōjo|Tankōbon|manga|bimonthly|completed|13|2016-04-27|Coming-of-Age, Drama, Romance|Author: Io Sakisaka|/ediciones/399268/aoha_raido_la_primavera_de_nuestras_vidas-rustica/todos|-
6313cd63e79ac634c6e80cca|637acaa5a9208d5cf27cdfb5|Ao No Flag|ao-no-flag|-|Shōnen|Tankōbon|manga|bimonthly|ongoing|8|2021-07-21|Drama, Romance, Slice-of-Life|Author: KAITO|/ediciones/608857/ao_no_flag-rustica_con_sobrecubierta/todos|/catalogsearch/result/index/?q=ao+no+flag&product_list_order=name
6313cd63e79ac634c6e80cca|637acaa5a9208d5cf27cdfb6|Aposimz|aposimz|-|Shōnen|Tankōbon|manga|bimonthly|ongoing|9|2020-08-05|Adventure, Dark Fantasy, Science Fiction|Author: Tsutomu Nihei|/ediciones/567105/aposimz_tierra_de_glenes-rustica_con_sobrecubierta/todos|/catalogsearch/result/index/?q=aposimz&product_list_order=name
6313cd63e79ac634c6e80cca|637acaa5a9208d5cf27cdfb7|Assassination Classroom|assassination-classroom|-|Shōnen|Tankōbon|manga|monthly|completed|21|2015-11-25|Action, Science Fiction Comedy|Author: Yusei Matsui|/ediciones/396669/assassination_classroom-rustica/todos|-
6313cd63e79ac634c6e80cca|637acaa5a9208d5cf27cdfb8|Assassin's Creed: Black Flag - Awakening|assassins-creed-black-flag-awakening|-|Seinen|Tankōbon|manga|monthly|completed|2|2016-06-01|Fantasy, Historical Fiction|Writer: Takashi Yano; Illustrator: Kenji Oiwa|/ediciones/400834/assassins_creed_black_flag_-_awakening-rustica|-
6313cd63e79ac634c6e80cca|637acaa5a9208d5cf27cdfb9|Ataque de los Titanes|ataque-de-los-titanes|-|Shōnen|Tankōbon|manga|monthly|completed|34|2014-11-05|Action, Dark Fantasy, Post-Apocalyptic|Author: Hajime Isayama|/ediciones/356432/ataque_de_los_titanes-rustica/todos|-
6313cd63e79ac634c6e80cca|637acaa5a9208d5cf27cdfba|Ataque de los Titanes: Answers|ataque-de-los-titanes-answers|-|Guide|Tankōbon|manga|one-shot|completed|1|2019-08-07|Action, Dark Fantasy, Post-Apocalyptic|Author: Hajime Isayama|/ediciones/553291/ataque_de_los_titanes_answers-rustica_con_sobrecubierta|-
6313cd63e79ac634c6e80cca|637acaa5a9208d5cf27cdfbb|Ataque de los Titanes: Before the Fall|ataque-de-los-titanes-before-the-fall|-|Shōnen|Tankōbon|manga|monthly|completed|17|2016-08-03|Action, Dark Fantasy, Post-Apocalyptic|Author: Ryō Suzukaze|/ediciones/402942/ataque_de_los_titanes_before_the_fall-rustica/todos|-
6313cd63e79ac634c6e80cca|637acaa6a9208d5cf27cdfbc|Ataque de los Titanes: No Regrets|ataque-de-los-titanes-no-regrets|-|Shōnen|Tankōbon|manga|monthly|completed|2|2016-07-06|Action, Dark Fantasy, Post-Apocalyptic|Writer: Gun Snark; Illustrator: Hikaru Suruga|/ediciones/400835/ataque_de_los_titanes_no_regrets-rustica/todos|-
6313cd63e79ac634c6e80cca|637acaa6a9208d5cf27cdfbd|Ataque de los Titanes: Inside|ataque-de-los-titanes-inside|-|Guide|Tankōbon|manga|one-shot|completed|1|2019-02-06|Action, Dark Fantasy, Post-Apocalyptic|Author: Hajime Isayama|/ediciones/526166/ataque_de_los_titanes_inside-rustica_con_sobrecubierta|-
6313cd63e79ac634c6e80cca|637acaa6a9208d5cf27cdfbe|Ataque de los Titanes: Outside|ataque-de-los-titanes-outside|-|Guide|Tankōbon|manga|one-shot|completed|1|2016-08-25|Action, Dark Fantasy, Post-Apocalyptic|Author: Hajime Isayama|/ediciones/526167/ataque_de_los_titanes_outside-rustica_con_sobrecubierta|-
6313cd63e79ac634c6e80cca|637acaa6a9208d5cf27cdfbf|Ataque de los Titanes: Lost Girls|ataque-de-los-titanes-lost-girls|-|Shōnen|Tankōbon|manga|monthly|completed|2|2019-05-08|Action, Dark Fantasy, Post-Apocalyptic|Author: Ryōsuke Fuji|/ediciones/529377/ataque_de_los_titanes_lost_girls-rustica_con_sobrecubierta/todos|-
6313cd63e79ac634c6e80cca|637acaa6a9208d5cf27cdfc0|Atelier Of Witch Hat|atelier-of-witch-hat|-|Seinen|Tankōbon|manga|quarterly|ongoing|9|2020-03-11|Fantasy|Author: Kamome Shirahama|/ediciones/571189/atelier_of_witch_hat-rustica_con_sobrecubierta/todos|/catalogsearch/result/index/?q=ATELIER+OF+WITCH&product_list_order=name
6313cd63e79ac634c6e80cca|637acaa6a9208d5cf27cdfc1|Atom: The Beginning|atom-the-beginning|-|Seinen|Tankōbon|manga|bimonthly|ongoing|16|2019-01-30|Science Fiction|Writer: Tezuka Productions (cooperation), Makoto Tezuka (supervision), Masami Yuki (concept works); Illustrator: Tetsurō Kasahara|/ediciones/524704/atom_the_beginning-rustica_con_sobrecubierta/todos|/catalogsearch/result/index/?price=109-154&product_list_order=name&q=ATOM%3A+THE+BEGINNING
6313cd63e79ac634c6e80cca|637acaa6a9208d5cf27cdfc2|Bakemonogatari|bakemonogatari|-|Shōnen|Tankōbon|manga|bimonthly|ongoing|15|2020-12-02|Paranormal, Urban Fantasy|Writer: Nisio Isin; Illustrator: Oh! Great|/ediciones/594523/bakemonogatari-rustica_con_sobrecubierta/todos|/catalogsearch/result/index/?q=BAKEMONOGATARI&product_list_order=name
6313cd63e79ac634c6e80cca|637acaa6a9208d5cf27cdfc3|Bakuman|bakuman|-|Shōnen|Tankōbon|manga|monthly|completed|20|2015-03-11|Comedy, Coming-of-Age, Slice of Life|Writer: Tsugumi Ohba; Illustrator: Takeshi Obata|/ediciones/379812/bakuman-rustica/todos|-
6313cd63e79ac634c6e80cca|637acaa6a9208d5cf27cdfc4|Banana Fish|banana-fish|-|Shōjo|Tankōbon|manga|bimonthly|completed|19|2020-07-22|Drama, Thriller|Author: Akimi Yoshida|/ediciones/572448/banana_fish-rustica_con_sobrecubierta/todos|-
6313cd63e79ac634c6e80cca|637acaa6a9208d5cf27cdfc5|Beastars|beastars|-|Shōnen|Tankōbon|manga|bimonthly|completed|18|2019-03-13|Coming-of-Age, Drama, Fantasy|Author: Paru Itagaki|/ediciones/525835/beastars-rustica_con_sobrecubierta/todos|/catalogsearch/result/index/?q=BEASTARS&product_list_order=name
6313cd63e79ac634c6e80cca|637acaa6a9208d5cf27cdfc6|Berserk|berserk|-|Seinen|Tankōbon|manga|bimonthly|ongoing|41|2014-09-29|Dark Fantasy, Epic Fantasy, Sword and Sorcery|Author: Kentaro Miura|/ediciones/354937/berserk-rustica/todos|/catalogsearch/result/index/?price=99-99&product_list_order=name&q=BERSERK
6313cd63e79ac634c6e80cca|637acaa6a9208d5cf27cdfc7|Berserk: Guia Oficial|berserk-guia-oficial|-|Guide|Tankōbon|manga|one-shot|completed|1|2019-05-08|Guide|Author: Kentaro Miura|/ediciones/531257/berserk_guia_oficial-rustica_con_sobrecubierta|-
6313cd63e79ac634c6e80cca|637acaa6a9208d5cf27cdfc8|Bestiarius|bestiarius|-|Shōnen|Tankōbon|manga|bimonthly|completed|7|2017-09-27|Heroic Fantasy, Historical|Author: Masasumi Kakizaki|/ediciones/484896/bestiarius-rustica/todos|-
6313cd63e79ac634c6e80cca|637acaa6a9208d5cf27cdfc9|Black Bird|black-bird|-|Shōjo|Tankōbon|manga|monthly|completed|18|2017-01-18|Dark Fantasy, Romance|Author: Kanoko Sakurakoji|/ediciones/408722/black_bird-rustica/todos|-
6313cd63e79ac634c6e80cca|637acaa6a9208d5cf27cdfca|Black Butler|black-butler|-|Shōnen|Tankōbon|manga|bimonthly|ongoing|31|2017-11-01|Dark Comedy, Dark Fantasy, Supernatural|Author: Yana Toboso|/ediciones/489300/black_butler-rustica/todos|/catalogsearch/result/index/?q=Black+butler&product_list_order=name
6313cd63e79ac634c6e80cca|637acaa6a9208d5cf27cdfcb|Black Clover|black-clover|-|Shōnen|Tankōbon|manga|bimonthly|ongoing|24|2018-02-21|Adventure, Fantasy|Author: Yūki Tabata|/ediciones/502644/black_clover-rustica/todos|/catalogsearch/result/index/?price=99-166&product_list_order=name&q=black+clover
6313cd63e79ac634c6e80cca|637acaa6a9208d5cf27cdfcc|Black Paradox|black-paradox|-|Seinen|Tankōbon|manga|one-shot|completed|1|2020-09-02|Horror|Author: Junji Ito|/ediciones/572442/black_paradox-rustica_con_sobrecubierta|-
6313cd63e79ac634c6e80cca|637acaa6a9208d5cf27cdfcd|Blade of the Immortal|blade-of-the-immortal|-|Seinen|Shinsōban|manga|quarterly|completed|15|2018-03-28|Dark Fantasy, Epic Fantasy, Historical Fantasy|Author: Hiroaki Samura|/ediciones/502710/blade_of_the_immortal-rustica_con_sobrecubierta/todos|-
6313cd63e79ac634c6e80cca|637acaa6a9208d5cf27cdfce|Blame!|blame|-|Seinen|Tankōbon|manga|bimonthly|completed|6|2019-03-27|Action, Cyberpunk, Post-Apocalyptic|Author: Tsutomu Nihei|/ediciones/527791/blame_-_master_edition-rustica_con_sobrecubierta/todos|-
6313cd63e79ac634c6e80cca|637acaa6a9208d5cf27cdfcf|Bleach|bleach|-|Shōnen|Tankōbon|manga|monthly|completed|74|2015-06-03|Adventure, Supernatural|Author: Tite Kubo|/ediciones/381389/bleach-rustica/todos|-
6313cd63e79ac634c6e80cca|637acaa6a9208d5cf27cdfd0|Blood Lad|blood-lad|-|Seinen|Tankōbon|manga|monthly|completed|17|2016-07-12|Action, Dark Comedy, Vampire|Author: Yuuki Kodama|/ediciones/402362/blood_lad-rustica/todos|-
6313cd63e79ac634c6e80cca|637acaa6a9208d5cf27cdfd1|Bloom Into You|bloom-into-you|-|Shōnen|Tankōbon|manga|monthly|completed|8|2021-07-21|Yuri, Romance|Author: Nio Nakatani|/ediciones/608500/bloom_into_you-rustica_con_sobrecubierta/todos|-
6313cd63e79ac634c6e80cca|637acaa6a9208d5cf27cdfd2|Blue Exorcist|blue-exorcist|-|Shōnen|Tankōbon|manga|monthly|ongoing|27|2016-01-13|Adventure, Dark Fantasy|Author: Kazue Kato|/ediciones/397587/blue_exorcist-rustica/todos|/catalogsearch/result/index/?product_list_order=name&q=blue+exorcist
6313cd63e79ac634c6e80cca|637acaa6a9208d5cf27cdfd3|Boruto|boruto|-|Shōnen|Tankōbon|manga|bimonthly|ongoing|10|2020-07-17|Adventure, Fantasy|Writer: Ukyō Kodachi (#1–13), Masashi Kishimoto (#14–); Illustrator: Mikio Ikemoto|/ediciones/571200/boruto_naruto_next_generations-rustica_con_sobrecubierta/todos|/catalogsearch/result/index/?q=boruto&product_list_order=name
6313cd63e79ac634c6e80cca|637acaa6a9208d5cf27cdfd4|Btooom!|btooom|-|Seinen|Tankōbon|manga|monthly|completed|26|2017-12-06|Action, Survival|Author: Junya Inoue|/ediciones/490042/btooom-rustica/todos|-
6313cd63e79ac634c6e80cca|637acaa6a9208d5cf27cdfd5|Bungo Stray Dogs|bungo-stray-dogs|-|Seinen|Tankōbon|manga|bimonthly|ongoing|21|2018-01-24|Action, Mystery, Supernatural|Writer: Kafka Asagiri; Illustrator: Sango Harukawa|/ediciones/501784/bungo_stray_dogs-rustica/todos|/catalogsearch/result/index/?product_list_order=name&q=Bungo+Stray+Dogs
6313cd63e79ac634c6e80cca|637acaa6a9208d5cf27cdfd6|Burn The Witch|burn-the-witch|-|Shōnen|Tankōbon|manga|one-shot|completed|1|2021-11-10|Action, Fantasy|Author: Tite Kubo|/ediciones/615964/burn_the_witch-rustica_con_sobrecubierta|-
6313cd63e79ac634c6e80cca|637acaa6a9208d5cf27cdfd7|Captain Tsubasa|captain-tsubasa|-|Shōnen|Tankōbon|manga|monthly|completed|37|2017-03-15|Sports|Author: Yōichi Takahashi|/ediciones/410474/captain_tsubasa_super_campeones-rustica/todos|-
6313cd63e79ac634c6e80cca|637acaa6a9208d5cf27cdfd8|Chainsaw Man|chainsaw-man|-|Shōnen|Tankōbon|manga|bimonthly|ongoing|11|2021-03-21|Action, Comedy Horror, Dark Fantasy|Author: Tatsuki Fujimoto|/ediciones/599462/chainsaw_man-rustica_con_sobrecubierta/todos|/catalogsearch/result/index/?q=chainsaw+man&product_list_order=name
6313cd63e79ac634c6e80cca|637acaa6a9208d5cf27cdfd9|City Hunter|city-hunter|-|Shōnen|Kanzenban|manga|bimonthly|ongoing|32|2019-07-24|Action, Detective Comedy|Author: Tsukasa Hojo|/ediciones/552232/city_hunter-rustica_con_sobrecubierta/todos|/catalogsearch/result/index/?price=249-312&product_list_order=name&q=city+hunter
6313cd63e79ac634c6e80cca|637acaa6a9208d5cf27cdfda|Claymore|claymore|-|Shōnen|Tankōbon|manga|monthly|ongoing|27|2021-05-19|Adventure, Dark Fantasy, Sword and Sorcery|Author: Norihiro Yagi|/ediciones/605157/claymore-rustica_con_sobrecubierta/todos|/catalogsearch/result/index/?product_list_order=name&q=claymore
6313cd63e79ac634c6e80cca|637acaa6a9208d5cf27cdfdb|Cowa!|cowa|-|Shōnen|Tankōbon|manga|one-shot|completed|1|2020-06-24|Adventure, Comedy, Supernatural|Author: Akira Toriyama|/ediciones/572367/cowa-rustica_con_sobrecubierta|-
6313cd63e79ac634c6e80cca|637acaa6a9208d5cf27cdfdc|Defense Devil|defense-devil|-|Shōnen|Tankōbon|manga|monthly|completed|10|2014-09-14|Action, Adventure, Comedy, Mystery, Sobrenatural|Writer: Youn In-wan; Illustrator: Yang Kyung-il|/ediciones/354946/defense_devil-rustica/todos|-
6313cd63e79ac634c6e80cca|637acaa6a9208d5cf27cdfdd|Death Note|death-note|-|Shōnen|Tankōbon|manga|monthly|completed|12|2017-02-17|Mystery, Psychological Thriller, Supernatural Thriller|Writer: Tsugumi Ohba; Illustrator: Takeshi Obata|/ediciones/398348/death_note-rustica/todos|-
6313cd63e79ac634c6e80cca|637acaa6a9208d5cf27cdfde|Death Note Short Stories|death-note-short-stories||Shōnen|Tankōbon|manga|one-shot|completed|1|2022-03-09|Mystery, Psychological Thriller, Supernatural Thriller|Writer: Tsugumi Ohba; Illustrator: Takeshi Obata|/ediciones/617137/death_note_compilacion_de_historias_cortas-rustica_con_sobrecubierta_portada_a_color_interiores_en_blanco_y_negro_isbn_9786075689517|-
6313cd63e79ac634c6e80cca|637acaa6a9208d5cf27cdfdf|Dorohedoro|dorohedoro|-|Seinen|Tankōbon|manga|monthly|ongoing|23|2021-10-13|Action, Dark Fantasy, Science Fantasy|Author: Q Hayashida|/ediciones/611369/dorohedoro-rustica_con_sobrecubierta/todos|/catalogsearch/result/index/?q=dorohedoro&product_list_order=name
6313cd63e79ac634c6e80cca|637acaa6a9208d5cf27cdfe0|Dr. Slump|dr-slump|-|Shōnen|Tankōbon|manga|monthly|completed|18|2020-11-11|Science Fiction Comedy|Author: Akira Toriyama|/ediciones/575212/dr_slump-rustica_con_sobrecubierta/todos|-
6313cd63e79ac634c6e80cca|637acaa6a9208d5cf27cdfe1|Dr. Stone|dr-stone|-|Shōnen|Tankōbon|manga|bimonthly|ongoing|24|2017-06-12|Adventure, Post-Apocalyptic, Science Fiction|Writer: Riichiro Inagaki; Illustrator: Boichi|/ediciones/529461/dr_stone-rustica_con_sobrecubierta/todos|/catalogsearch/result/index/?q=Dr+stone&product_list_order=name
6313cd63e79ac634c6e80cca|637acaa6a9208d5cf27cdfe2|Dragon Ball|dragon-ball|-|Shōnen|Tankōbon|manga|monthly|completed|42|2015-04-29|Adventure, Comic Fantasy, Martial Arts|Author: Akira Toriyama|/ediciones/380702/dragon_ball-rustica/todos|-
6313cd63e79ac634c6e80cca|637acaa6a9208d5cf27cdfe3|Dragon Ball [Kanzenban]|dragon-ball-kanzenban|-|Shōnen|Kanzenban|manga|bimonthly|completed|17|2018-11-21|Adventure, Comic Fantasy, Martial Arts|Author: Akira Toriyama|/ediciones/565324/dragon_ball_-_ultimate_edition-rustica/todos|/catalogsearch/result/index/?price=249-316&q=DRAGON+BALL&product_list_order=name
6313cd63e79ac634c6e80cca|637acaa6a9208d5cf27cdfe4|Dragon Ball Super|dragon-ball-super|-|Shōnen|Tankōbon|manga|biweekly|ongoing|34|2019-10-21|Adventure, Comic Fantasy, Martial Arts|Author: Akira Toriyama|/ediciones/510546/dragon_ball_super-rustica_con_sobrecubierta/todos|/catalogsearch/result/index/?price=109-130&product_list_order=name&publication_type_description=Tankobon&q=dragon+ball+super
6313cd63e79ac634c6e80cca|637acaa6a9208d5cf27cdfe5|Kutei Dragons|kutei-dragons|-|Seinen|Tankōbon|manga|bimonthly|completed|11|2020-02-20|Adventure, Cooking, Fantasy|Author: Taku Kuwabara|/ediciones/567930/kutei_dragons_dragones_voladores-rustica_con_sobrecubierta/todos|-
6313cd63e79ac634c6e80cca|637acaa6a9208d5cf27cdfe6|Edens Zero|edens-zero|-|Shōnen|Tankōbon|manga|bimonthly|ongoing|19|2020-02-12|Adventure, Science Fantasy|Author: Hiro Mashima|/ediciones/568036/edens_zero-rustica_con_sobrecubierta/todos|/catalogsearch/result/index/?q=edens+zero&product_list_order=name
6313cd63e79ac634c6e80cca|637acaa6a9208d5cf27cdfe7|El marido de mi hermano|el-marido-de-mi-hermano|-|Seinen|Tankōbon|manga|bimonthly|completed|4|2019-09-25|Drama|Author: Gengoroh Tagame|/ediciones/552971/el_marido_de_mi_hermano-rustica_con_sobrecubierta/todos|-
6313cd63e79ac634c6e80cca|637acaa6a9208d5cf27cdfe8|Erased|erased|-|Seinen|Tankōbon|manga|bimonthly|completed|9|2019-07-10|Mystery, Science Fiction, Thriller|Author: Kei Sanbe|/ediciones/552231/erased_boku_dake_ga_inai_machi-rustica_con_sobrecubierta/todos|-
6313cd63e79ac634c6e80cca|637acaa6a9208d5cf27cdfe9|Fairy Tail|fairy-tail|-|Shōnen|Tankōbon|manga|monthly|completed|63|2014-11-01|Adventure, Fantasy|Author: Hiro Mashima|/ediciones/356397/fairy_tail-rustica/todos|-
6313cd63e79ac634c6e80cca|637acaa6a9208d5cf27cdfea|Fairy Tail: 100 Years Quest|fairy-tail-100-years-quest|-|Shōnen|Tankōbon|manga|bimonthly|ongoing|10|2020-11-25|Adventure, Fantasy|Author: Hiro Mashima|/ediciones/589599/fairy_tail_100_years_quest-rustica_con_sobrecubierta/todos|/catalogsearch/result/index/?price=119-297&q=Fairy+Tail+100+Years+Quest&product_list_order=name
6313cd63e79ac634c6e80cca|637acaa6a9208d5cf27cdfeb|Fate Stay Night|fate-stay-night|-|Shōnen|Tankōbon|manga|monthly|completed|20|2018-12-18|Dark Fantasy|Author: Datto Nishiwaki|/ediciones/524247/fate_stay_night-rustica_con_sobrecubierta/todos|-
6313cd63e79ac634c6e80cca|637acaa6a9208d5cf27cdfec|Fire Force (Enen no Shouboutai)|fire-force|-|Shōnen|Tankōbon|manga|bimonthly|ongoing|33|2018-06-20|Adventure, Dark Fantasy, Science Fantasy|Author: Atsushi Ohkubo|/ediciones/507521/fire_force-rustica/todos|/catalogsearch/result/index/?price=99-209&product_list_order=name&q=fire+force
6313cd63e79ac634c6e80cca|637acaa6a9208d5cf27cdfed|Fire Punch|fire-punch|-|Shōnen|Tankōbon|manga|bimonthly|completed|8|2018-10-24|Dark Fantasy, Dystopian, Supernatural Thriller|Author: Tatsuki Fujimoto|/ediciones/512114/fire_punch-rustica_con_sobrecubierta/todos|-
6313cd63e79ac634c6e80cca|637acaa6a9208d5cf27cdfee|Food Wars (Shokugeki no Soma)|food-wars|-|Shōnen|Tankōbon|manga|monthly|completed|36|2017-11-01|Comedy, Cooking, Slice of Life|Writer: Yūto Tsukuda; Illustrator: Shun Saeki|/ediciones/489016/food_wars_shokugeki_no_soma-rustica/todos|-
6313cd63e79ac634c6e80cca|637acaa6a9208d5cf27cdfef|Fruits Basket|fruits-basket|-|Shōjo|Aizōban|manga|bimonthly|completed|12|2020-03-18|Romantic Comedy, Slice of Life, Supernatural|Author: Natsuki Takaya|/ediciones/571195/fruits_basket_-_collectors_edition-rustica_con_sobrecubierta/todos|-
6313cd63e79ac634c6e80cca|637acaa6a9208d5cf27cdff0|FullMetal Alchemist|fullmetal-alchemist|-|Shōnen|Tankōbon|manga|monthly|completed|27|2015-11-25|Adventure, Dark Fantasy, Steampunk|Author: Hiromu Arakawa|/ediciones/396668/fullmetal_alchemist-rustica/todos|-
6313cd63e79ac634c6e80cca|637acaa6a9208d5cf27cdff1|Fumetsu no Anata e (To Your Eternity)|to-your-eternity|-|Shōnen|Tankōbon|manga|bimonthly|ongoing|16|2020-01-22|Fantasy|Author: Yoshitoki Ōima|/ediciones/567917/to_your_eternity-rustica_con_sobrecubierta/todos|/catalogsearch/result/index/?q=to+your+eternity&product_list_order=name
6313cd63e79ac634c6e80cca|637acaa6a9208d5cf27cdff2|Game|game|-|Josei|Tankōbon|manga|bimonthly|completed|4|2019-02-14|Drama, Romance|Author: Mai Nishikata|/ediciones/552226/game_juego_prohibido-rustica_con_sobrecubierta/todos|-
6313cd63e79ac634c6e80cca|637acaa6a9208d5cf27cdff3|Gantz|gantz|-|Seinen|Tankōbon|manga|monthly|completed|37|2015-09-16|Action, Psychological Horror, Psychological Thriller, Science Fiction|Author: Hiroya Oku|/ediciones/394324/gantz-rustica/todos|-
6313cd63e79ac634c6e80cca|637acaa6a9208d5cf27cdff4|Ghost in the Shell|ghost-in-the-shell|-|Seinen|Tankōbon|manga|quarterly|completed|3|2017-04-05|Cyberpunk|Author: Masamune Shirow|/ediciones/410855/the_ghost_in_the_shell-rustica_con_solapas/todos|-
6313cd63e79ac634c6e80cca|637acaa6a9208d5cf27cdff5|Gigant|gigant|-|Seinen|Tankōbon|manga|bimonthly|completed|10|2020-08-12|Science Fiction|Author: Hiroya Oku|/ediciones/572555/gigant-rustica_con_sobrecubierta/todos|/catalogsearch/result/index/?author=Hiroya+Oku&price=119-144&publication_type_description=Tankobon&q=GIGANT+N.
6313cd63e79ac634c6e80cca|637acaa6a9208d5cf27cdff6|Gigantomaquia|gigantomaquia|-|Seinen|Tankōbon|manga|one-shot|completed|1|2019-07-24|Action, Fantasy|Author: Kentaro Miura |/ediciones/552229/gigantomaquia-rustica_con_sobrecubierta|-
6313cd63e79ac634c6e80cca|637acaa6a9208d5cf27cdff7|Given|given|-|Josei|Tankōbon|manga|bimonthly|ongoing|7|2020-10-21|Boys Love, Drama, Romance|Author: Natsuki Kizu|/ediciones/588256/given-rustica_con_sobrecubierta/todos|/catalogsearch/result/index/?price=119-140&q=given&product_list_order=name
6313cd63e79ac634c6e80cca|637acaa6a9208d5cf27cdff8|Goblin Slayer|goblin-slayer|-|Seinen|Tankōbon|manga|bimonthly|ongoing|15|2021-04-28|Dark Fantasy|Author: Kumo Kagyu|/ediciones/603106/goblin_slayer-rustica_con_sobrecubierta/todos|/catalogsearch/result/index/?q=goblin+slayer&product_list_order=name
6313cd63e79ac634c6e80cca|637acaa6a9208d5cf27cdff9|Golden Kamuy|golden-kamuy|-|Seinen|Tankōbon|manga|bimonthly|ongoing|28|2019-05-08|Adventure, Historical, Japanese-style Western|Author: Satoru Noda|/ediciones/529330/golden_kamuy-rustica_con_sobrecubierta/todos|/catalogsearch/result/index/?price=109-184&product_list_order=name&q=golden+kamui
6313cd63e79ac634c6e80cca|637acaa6a9208d5cf27cdffa|Granblue Fantasy|granblue-fantasy|-|Shōnen|Tankōbon|manga|bimonthly|completed|7|2020-02-05|Adventure, Fantasy|Author: Makoto Fūgetsu|/ediciones/567972/granblue_fantasy-rustica_con_sobrecubierta/todos|-
6313cd63e79ac634c6e80cca|637acaa6a9208d5cf27cdffb|Ultramarine Magmell|ultramarine-magmell|-|Shōnen|Tankōbon|manga|bimonthly|completed|8|2019-11-27|Adventure, Fantasy|Author: Dainenbyo|/ediciones/564881/ultramarine_magmell-rustica_con_sobrecubierta/todos|-
6313cd63e79ac634c6e80cca|637acaa6a9208d5cf27cdffc|Gyo|gyo|-|Seinen|Tankōbon|manga|bimonthly|completed|2|2018-09-26|Horror, Supernatural|Author: Junji Ito|/ediciones/510824/gyo-rustica_con_sobrecubierta/todos|-
6313cd63e79ac634c6e80cca|637acaa6a9208d5cf27cdffd|Hell's Paradise|hells-paradise|-|Shōnen|Tankōbon|manga|bimonthly|ongoing|13|2021-06-16|Action, Dark Fantasy, Psychological Thriller|Author: Yuji Kaku|/ediciones/602590/hells_paradise-rustica_con_sobrecubierta/todos|/catalogsearch/result/index/?q=Hells+paradise&product_list_order=name
6313cd63e79ac634c6e80cca|637acaa6a9208d5cf27cdffe|Hideout|hideout|-|Seinen|Tankōbon|manga|one-shot|completed|1|2021-12-01|Psychological Horror|Author: Masasumi Kakizaki|/ediciones/616001/hideout-rustica_con_sobrecubierta|-
6313cd63e79ac634c6e80cca|637acaa6a9208d5cf27cdfff|High School DxD|high-school-dxd|-|Shōnen|Tankōbon|manga|monthly|completed|11|2015-10-12|Comedy, Harem, Supernatural|Writer: Ichiei Ishibumi; Illustrator: Miyama-Zero|/ediciones/396067/high_school_dxd-rustica/todos|-
6313cd63e79ac634c6e80cca|637acaa6a9208d5cf27ce000|Highschool Of The Dead|highschool-of-the-dead|-|Seinen|Tankōbon|manga|monthly|completed|7|2014-03-14|Action, Horror, Supernatural Thriller|Writer: Daisuke Satō; Illustrator: Shōji Satō|/ediciones/354939/highschool_of_the_dead-rustica/todos|-
6313cd63e79ac634c6e80cca|637acaa6a9208d5cf27ce001|Highschool Of The Dead [Full Color Edition]|highschool-of-the-dead-full-color|-|Seinen|Tankōbon|manga|monthly|completed|7|2015-09-16|Action, Horror, Supernatural Thriller|Writer: Daisuke Satō; Illustrator: Shōji Satō|/ediciones/394325/highschool_of_the_dead_-_full_color_edition-rustica/todos|-
6313cd63e79ac634c6e80cca|637acaa6a9208d5cf27ce002|Highschool Of The Head|highschool-of-the-head|-|Shōnen|Tankōbon|manga|one-shot|completed|1|2015-09-16|Action, Horror, Supernatural Thriller|Writer: Daisuke Satō; Illustrator: Shōji Satō|/ediciones/394207/highschool_of_the_head-rustica|-
6313cd63e79ac634c6e80cca|637acaa6a9208d5cf27ce003|Home, Sweet Home!|home-sweet-home|-|Seinen|Tankōbon|manga|bimonthly|completed|4|2018-08-15|Drama, Sci-Fi|Author: Yuu|/ediciones/509482/home_sweet_home-rustica/todos|-
6313cd63e79ac634c6e80cca|637acaa6a9208d5cf27ce004|Hunter x Hunter|hunter-x-hunter|-|Shōnen|Tankōbon|manga|monthly|ongoing|36|2018-01-17|Adventure, Fantasy, Martial Arts|Author: Yoshihiro Togashi|/ediciones/491594/hunter_x_hunter-rustica/todos|/catalogsearch/result/index/?price=99-248&product_list_order=name&q=Hunter+x+hunter
6313cd63e79ac634c6e80cca|637acaa6a9208d5cf27ce005|I Am a Hero|i-am-a-hero|-|Seinen|Tankōbon|manga|monthly|completed|22|2015-01-21|Action, Horror, Psychological Thriller|Author: Kengo Hanazawa|/ediciones/378578/i_am_a_hero-rustica/todos|-
6313cd63e79ac634c6e80cca|637acaa6a9208d5cf27ce006|Inazuma Eleven (Super Once)|inazuma-eleven|-|Shōnen|Tankōbon|manga|bimonthly|completed|10|2018-06-20|Sports|Author: Tenya Yabuno|/ediciones/510545/super_once_inazuma_eleven-rustica/todos|-
6313cd63e79ac634c6e80cca|637acaa6a9208d5cf27ce007|InuYasha [Wideban]|inuyasha|-|Shōnen|Wide-ban|manga|monthly|completed|30|2018-09-15|Adventure, Fantasy, Romance|Author: Rumiko Takahashi|-|-
6313cd63e79ac634c6e80cca|637acaa6a9208d5cf27ce008|Inuyashiki|inuyashiki|-|Seinen|Tankōbon|manga|bimonthly|completed|10|2018-12-19|Body Horror, Science Fiction, Superhero|Author: Hiroya Oku|/ediciones/524246/inuyashiki-rustica_con_sobrecubierta/todos|-
6313cd63e79ac634c6e80cca|637acaa6a9208d5cf27ce009|Isla de Perros|isla-de-perros|-|Seinen|Tankōbon|manga|one-shot|completed|1|2019-12-25|Suspense , Aventure|Author: Minetaro Mochizuki|/ediciones/564880/isla_de_perros-cartone_con_sobrecubierta|-
6313cd63e79ac634c6e80cca|637acaa6a9208d5cf27ce00a|Jaco: El patrullero galáctico|jaco|-|Shōnen|Tankōbon|manga|one-shot|completed|1|2020-12-02|Comedy, Science Fiction|Author: Akira Toriyama|/ediciones/590867/jaco_el_patrullero_galactico-rustica_con_sobrecubierta|-
6313cd63e79ac634c6e80cca|637acaa6a9208d5cf27ce00b|Jagaaan (Jagaaaaaan)|jagaaan|-|Seinen|Tankōbon|manga|bimonthly|completed|14|2019-10-09|Supernatural|Writer: Muneyuki Kaneshiro; Illustrator: Kensuke Nishida|/ediciones/564708/jagaaan-rustica_con_sobrecubierta/todos|/catalogsearch/result/index/?q=jagaaan&product_list_order=name
6313cd63e79ac634c6e80cca|637acaa6a9208d5cf27ce00c|Jibaku Shounen Hanako-kun|hanako-kun|-|Shōnen|Tankōbon|manga|monthly|ongoing|17|2021-04-14|Comedy, Supernatural|Author: AidaIro|/ediciones/603069/hanako-kun_y_los_misterios_de_la_academia_kamome-rustica_con_sobrecubierta/todos|/catalogsearch/result/index/?q=Hanako+kun&product_list_order=name
6313cd63e79ac634c6e80cca|637acaa6a9208d5cf27ce00d|Jujutsu Kaisen|jujutsu-kaisen|-|Shōnen|Tankōbon|manga|bimonthly|ongoing|18|2020-09-09|Adventure, Dark Fantasy, Supernatural|Author: Gege Akutami|/ediciones/589275/jujutsu_kaisen_contiendas_de_brujeria-rustica_con_sobrecubierta/todos|/catalogsearch/result/index/?price=109-199&product_list_order=name&q=jujutsu+kaisen
6313cd63e79ac634c6e80cca|637acaa6a9208d5cf27ce00e|Junjo Romantica|junjo-romantica|-|Shōjo|Tankōbon|manga|bimonthly|ongoing|25|2018-10-24|Boys Love|Author: Shungiku Nakamura|/ediciones/509521/junjo_romantica-rustica_con_sobrecubierta/todos|/catalogsearch/result/index/?q=Junjo+Romantica&product_list_order=name
6313cd63e79ac634c6e80cca|637acaa6a9208d5cf27ce00f|Jojo's Bizarre Adventure - Parte 1: Phantom Blood|jojos-bizarre-adventure-phantom-blood|-|Shōnen|Bunkoban|manga|monthly|completed|3|2018-09-18|Adventure, Fantasy, Supernatural|Author: Hirohiko Araki|/ediciones/504857/jojos_bizarre_adventure_-_parte_1_phantom_blood-rustica_con_solapas/todos|-
6313cd63e79ac634c6e80cca|637acaa6a9208d5cf27ce010|Jojo's Bizarre Adventure - Parte 2: Battle Tendency|jojos-bizarre-adventure-battle-tendency|-|Shōnen|Bunkoban|manga|monthly|completed|4|2018-10-24|Adventure, Fantasy, Supernatural|Author: Hirohiko Araki|/ediciones/511381/jojos_bizarre_adventure_-_parte_2_battle_tendency-rustica_con_solapas/todos|-
6313cd63e79ac634c6e80cca|637acaa6a9208d5cf27ce011|Jojo's Bizarre Adventure - Parte 3: Stardust Crusaders|jojos-bizarre-adventure-stardust-crusaders|-|Shōnen|Bunkoban|manga|monthly|completed|10|2019-02-27|Adventure, Fantasy, Supernatural|Author: Hirohiko Araki|/ediciones/526698/jojos_bizarre_adventure_-_parte_3_stardust_crusaders-rustica_con_solapas/todos|-
6313cd63e79ac634c6e80cca|637acaa6a9208d5cf27ce012|Jojo's Bizarre Adventure - Parte 4: Diamond Is Unbreakable|jojos-bizarre-adventure-diamond-is-unbreakable|-|Shōnen|Bunkoban|manga|monthly|completed|12|2019-12-25|Adventure, Fantasy, Supernatural|Author: Hirohiko Araki|/ediciones/569811/jojos_bizarre_adventure_-_parte_4_diamond_is_unbreakable-rustica_con_solapas/todos|-
6313cd63e79ac634c6e80cca|637acaa6a9208d5cf27ce013|Jojo's Bizarre Adventure - Parte 5: Golden Wind|jojos-bizarre-adventure-golden-wind|-|Shōnen|Bunkoban|manga|monthly|completed|10|2021-04-21|Adventure, Fantasy, Supernatural|Author: Hirohiko Araki|/ediciones/605959/jojos_bizarre_adventure_-_parte_5_golden_wind-rustica_con_solapas/todos|-
6313cd63e79ac634c6e80cca|637acaa6a9208d5cf27ce014|Jojo's Bizarre Adventure - Parte 6: Stone Ocean|jojos-bizarre-adventure-stone-ocean|-|Shōnen|Bunkoban|manga|monthly|ongoing|11|2022-02-16|Adventure, Fantasy, Supernatural|Author: Hirohiko Araki|/ediciones/621952/jojos_bizarre_adventure_-_parte_6_stone_ocean-rustica_con_solapas/todos|-
6313cd63e79ac634c6e80cca|637acaa6a9208d5cf27ce015|Kaguya-sama: Love Is War|love-is-war|-|Seinen|Tankōbon|manga|bimonthly|ongoing|25|2020-09-02|Psychological, Romantic Comedy, Slice of Life|Author: Aka Akasaka|/ediciones/589682/kaguya-sama_love_is_war-rustica_con_sobrecubierta/todos|/catalogsearch/result/index/?q=Love+Is+War&product_list_order=name
6313cd63e79ac634c6e80cca|637acaa6a9208d5cf27ce016|Kajika|kajika|-|Shōnen|Tankōbon|manga|one-shot|completed|1|2020-07-08|Adventure, Comedy|Author: Akira Toriyama|/ediciones/572554/kajika-rustica_con_sobrecubierta|-
6313cd63e79ac634c6e80cca|637acaa6a9208d5cf27ce017|Kanata no Astra|kanata-no-astra|-|Shōnen|Tankōbon|manga|bimonthly|completed|6|2020-06-10|Science Fiction|Author: Kenta Shinohara|/ediciones/571192/kanata_no_astra-rustica_con_sobrecubierta/todos|-
6313cd63e79ac634c6e80cca|637acaa6a9208d5cf27ce018|Katekyo Hitman ¡Reborn!|katekyo-hitman-reborn|-|Shōnen|Tankōbon|manga|monthly|completed|42|2016-07-13|Adventure, Comedy, Supernatural|Author: Akira Amano|/ediciones/401507/katekyo_hitman_reborn-rustica/todos|-
6313cd63e79ac634c6e80cca|637acaa6a9208d5cf27ce019|Katsura Akira|katsura-akira|-|Shōnen|Tankōbon|manga|one-shot|completed|1|2021-03-03|Action, Comedy, Fantasy, Sci-Fi|Writer: Akira Toriyama; Illustrator: Masakazu Katsura|/ediciones/590868/katsura_akira-rustica_con_sobrecubierta|-
6313cd63e79ac634c6e80cca|637acaa6a9208d5cf27ce01a|Kill la Kill|kill-la-kill|-|Seinen|Tankōbon|manga|monthly|completed|3|2016-04-27|Action, Comedy, Magical Girl|Author: Ryō Akizuki|/ediciones/399269/kill_la_kill-rustica/todos|-
6313cd63e79ac634c6e80cca|637acaa6a9208d5cf27ce01b|Kimetsu no Yaiba|kimetsu-no-yaiba|-|Shōnen|Tankōbon|manga|monthly|completed|23|2020-03-01|Adventure, Dark Fantasy, Martial Arts|Author: Koyoharu Gotouge|/ediciones/570210/demon_slayer_kimetsu_no_yaiba-rustica_con_sobrecubierta/todos|-
6313cd63e79ac634c6e80cca|637acaa6a9208d5cf27ce01c|Kimi ni Todoke|kimi-ni-todoke|-|Shōjo|Tankōbon|manga|monthly|completed|30|2016-06-08|Coming-of-Age, Romantic Comedy, Slice of Life|Author: Karuho Shiina|/ediciones/401092/kimi_ni_todoke_junto_a_ti-rustica/todos|-
6313cd63e79ac634c6e80cca|637acaa6a9208d5cf27ce01d|Kimi Ga Koi Ni Oboreru|kimi-ga-koi-ni-oboreru|-|Yaoi|Tankōbon|manga|monthly|completed|3|2018-04-18|Drama, Romance, Boys Love|Author: Hinako Takanaga|/ediciones/505134/te_inundara_el_amor-rustica/todos|-
6313cd63e79ac634c6e80cca|637acaa6a9208d5cf27ce01e|Kimi Ga Koi Ni Ochiru|kimi-ga-koi-ni-ochiru|-|Yaio|Tankōbon|manga|one-shot|completed|1|2018-02-21|Drama, Romance, Boys Love|Author: Hinako Takanaga|-|-
6313cd63e79ac634c6e80cca|637acaa6a9208d5cf27ce01f|Kingdom Hearts|kingdom-hearts|-|Shōnen|Tankōbon|manga|monthly|completed|4|2018-12-12|Adventure, Fantasy|Author: Shiro Amano|/ediciones/524244/kingdom_hearts-rustica/todos|-
6313cd63e79ac634c6e80cca|637acaa6a9208d5cf27ce020|Knights of Sidonia|knights-of-sidonia|-|Seinen|Tankōbon|manga|monthly|completed|15|2016-09-01|Mecha, Space Opera|Author: Tsutomu Nihei|/ediciones/403691/knights_of_sidonia-rustica_con_sobrecubierta/todos|-
6313cd63e79ac634c6e80cca|637acaa6a9208d5cf27ce021|Koe no Katachi (Una Voz Silenciosa - A Silent Voice)|a-silent-voice|-|Shōnen|Tankōbon|manga|bimonthly|completed|7|2018-03-07|Drama|Author: Yoshitoki Ōima|/ediciones/502643/a_silent_voice-rustica/todos|-
6313cd63e79ac634c6e80cca|637acaa6a9208d5cf27ce022|Kuroko no Basket|kuroko-no-basket|-|Shōnen|Tankōbon|manga|monthly|completed|30|2018-02-28|Comedy, Sports|Author: Tadatoshi Fujimaki|/ediciones/503681/kuroko_no_basket-rustica/todos|-
6313cd63e79ac634c6e80cca|637acaa6a9208d5cf27ce023|La Bella y la Bestia|la-bella-y-la-bestia|-|Shōjo|Tankōbon|manga|monthly|completed|2|2018-09-26|Fantasy, Romance|Author: Mallory Reaves|/ediciones/510825/disney_la_bella_y_la_bestia-rustica/todos|-
6313cd63e79ac634c6e80cca|637acaa6a9208d5cf27ce024|La Rosa y la Bestia|la-rosa-y-la-bestia|-|Shōjo|Tankōbon|manga|bimonthly|completed|10|2019-09-18|Romance|Author: Miwako Sugiyama|/ediciones/552959/la_rosa_y_la_bestia-rustica_con_sobrecubierta/todos|-
6313cd63e79ac634c6e80cca|637acaa6a9208d5cf27ce025|Las Quintillizas (Go-toubun no Hanayome)|las-quintillizas|-|Shōnen|Tankōbon|manga|bimonthly|completed|14|2019-12-18|Harem, Romantic Comedy|Author: Negi Haruba|/ediciones/566753/las_quintillizas_go-toubun_no_hanayome-rustica_con_sobrecubierta/todos|-
6313cd63e79ac634c6e80cca|637acaa6a9208d5cf27ce026|Little Witch Academia|little-witch-academia|-|Seinen|Tankōbon|manga|bimonthly|completed|3|2018-08-29|Coming-of-Age, Magical Fantasy, Magical Girl|Author: Terio Teri|/ediciones/506108/little_witch_academia-rustica/todos|-
6313cd63e79ac634c6e80cca|637acaa6a9208d5cf27ce027|Lone Wolf|lone-wolf|-|Seinen|Bunkoban|manga|monthly|completed|26|2019-01-09|Epic|Writer: Kazuo Koike; Illustrator: Goseki Kojima|/ediciones/525710/lobo_solitario-rustica_con_sobrecubierta/todos|-
6313cd63e79ac634c6e80cca|637acaa6a9208d5cf27ce028|Love Hina|love-hina|-|Shōnen|Shinsōban|manga|bimonthly|completed|7|2019-04-24|Harem, Romantic Comedy, Slice of Life|Author: Ken Akamatsu|/ediciones/527790/love_hina-rustica_con_sobrecubierta/todos|-
6313cd63e79ac634c6e80cca|637acaa6a9208d5cf27ce029|Love Stage|love-stage|-|Yaoi|Tankōbon|manga|bimonthly|completed|7|2018-05-30|Romantic Comedy, Boys Love|Writer: Eiki Eiki; Illustrator: Taishi Zaō|/ediciones/489584/love_stage-rustica/todos|-
6313cd63e79ac634c6e80cca|637acaa6a9208d5cf27ce02a|Lovely Complex|lovely-complex|-|Shōjo|Tankōbon|manga|bimonthly|ongoing|17|2020-08-19|Romantic Comedy|Author: Aya Nakahara|/ediciones/574941/lovely_complex-rustica_con_sobrecubierta/todos|/catalogsearch/result/index/?q=Lovely+Complex&product_list_order=name
6313cd63e79ac634c6e80cca|637acaa6a9208d5cf27ce02b|Made In Abyss|made-in-abyss|-|Seinen|Tankōbon|manga|bimonthly|completed|10|2019-02-19|Adventure, Dark Fantasy, Science Fiction|Author: Akihito Tsukushi|/ediciones/526168/made_in_abyss-rustica_con_sobrecubierta/todos|-
6313cd63e79ac634c6e80cca|637acaa6a9208d5cf27ce02c|Magi (The Labyrinth Of Magi)|magi|-|Shōnen|Tankōbon|manga|monthly|completed|37|2017-02-15|Adventure, Coming-of-Age, Fantasy|Author: Shinobu Ohtaka|/ediciones/409621/magi-rustica/todos|-
6313cd63e79ac634c6e80cca|637acaa6a9208d5cf27ce02d|Marry Grave|marry-grave|-|Shōnen|Tankōbon|manga|monthly|completed|5|2020-07-01|Dark Fantasy|Author: Hidenori Yamaji|/ediciones/572441/marry_grave-rustica_con_sobrecubierta/todos|-
6313cd63e79ac634c6e80cca|637acaa6a9208d5cf27ce02e|Mao|mao|-|Shōnen|Tankōbon|manga|bimonthly|ongoing|12|2021-06-16|Adventure, Dark Fantasy, Supernatural|Author: Rumiko Takahashi|/ediciones/608176/mao-rustica_con_sobrecubierta/todos|/catalogsearch/result/index/?price=119-219&q=mao&product_list_order=name
6313cd63e79ac634c6e80cca|637acaa6a9208d5cf27ce02f|Mob Psycho 100|mob-psycho-100|-|Shōnen|Tankōbon|manga|bimonthly|completed|16|2019-09-25|Action, Comedy, Supernatural|Author: One|/ediciones/552957/mob_psycho_100-rustica_con_sobrecubierta/todos|/catalogsearch/result/index/?price=109-269&product_list_order=name&q=Mob+Psycho+100
6313cd63e79ac634c6e80cca|637acaa6a9208d5cf27ce030|Monster|monster|-|Seinen|Kanzenban|manga|bimonthly|completed|9|2018-10-24|Crime, Mystery, Psychological Thriller|Author: Naoki Urasawa|/ediciones/505514/monster_-_edicion_kanzenban-rustica_con_sobrecubierta/todos|-
6313cd63e79ac634c6e80cca|637acaa6a9208d5cf27ce031|My Hero Academia|my-hero-academia|-|Shōnen|Tankōbon|manga|monthly|ongoing|33|2016-09-14|Adventure, Science Fantasy, Superhero|Author: Kōhei Horikoshi|/ediciones/404550/my_hero_academia-rustica/todos|/catalogsearch/result/index/?price=99-839&product_list_order=name&q=My+hero+academia
6313cd63e79ac634c6e80cca|637acaa6a9208d5cf27ce032|My Little Monster|my-little-monster|-|Shōjo|Tankōbon|manga|bimonthly|completed|13|2018-03-14|Romantic Comedy|Author: Robico|/ediciones/502887/my_little_monster-rustica/todos|-
6313cd63e79ac634c6e80cca|637acaa6a9208d5cf27ce033|Naruto|naruto|-|Shōnen|Tankōbon|manga|monthly|completed|72|2014-12-03|Adventure, Fantasy Comedy, Martial Arts|Author: Masashi Kishimoto|/ediciones/367407/naruto-rustica/todos|-
6313cd63e79ac634c6e80cca|637acaa6a9208d5cf27ce034|Naruto Gaiden|naruto-gaiden|-|Shōnen|Tankōbon|manga|one-shot|completed|1|2021-08-11|Adventure, Fantasy Comedy, Martial Arts|Author: Masashi Kishimoto|-|-
6313cd63e79ac634c6e80cca|637acaa6a9208d5cf27ce035|Naruto Rin No Sho|naruto-rin-no-sho|-|Guide|Tankōbon|manga|one-shot|completed|1|2020-10-18|Guide|Author: Masashi Kishimoto|-|-
6313cd63e79ac634c6e80cca|637acaa6a9208d5cf27ce036|Naruto Hyo no Sho|naruto-hyo-no-sho|-|Guide|Tankōbon|manga|one-shot|completed|1|2021-07-07|Guide|Author: Masashi Kishimoto|-|-
6313cd63e79ac634c6e80cca|637acaa6a9208d5cf27ce037|Naruto Tou No Cho|naruto-tou-no-cho|-|Guide|Tankōbon|manga|one-shot|completed|1|2021-12-01|Guide|Author: Masashi Kishimoto|-|-
6313cd63e79ac634c6e80cca|637acaa6a9208d5cf27ce038|Nisekoi|nisekoi|-|Shōnen|Tankōbon|manga|monthly|completed|25|2016-06-22|Harem, Romantic Comedy|Author: Naoshi Komi|/ediciones/401508/nisekoi-rustica/todos|-
6313cd63e79ac634c6e80cca|637acaa6a9208d5cf27ce039|Negima!|negima|-|Shōnen|Tankōbon|manga|monthly|completed|19|2019-02-06|Adventure, Fantasy, Harem|Author: Ken Akamatsu|/ediciones/524703/negima-rustica_con_sobrecubierta/todos|-
6313cd63e79ac634c6e80cca|637acaa6a9208d5cf27ce03a|Nekomajin|nekomajin|-|Shōnen|Tankōbon|manga|one-shot|completed|1|2020-08-05|Comedy, Martial Arts|Author: Akira Toriyama|-|-
6313cd63e79ac634c6e80cca|637acaa6a9208d5cf27ce03b|Neon Genesis Evangelion|neon-genesis-evangelion|-|Seinen|Tankōbon|manga|monthly|completed|14|2016-07-13|Apocalyptic, Mecha, Psychological Drama|Author: Yoshiyuki Sadamoto|/ediciones/402361/neon_genesis_evangelion-rustica/todos|-
6313cd63e79ac634c6e80cca|637acaa6a9208d5cf27ce03c|Noragami|noragami|-|Shōnen|Tankōbon|manga|monthly|ongoing|24|2017-07-26|Action, Supernatural, Urban Fantasy|Author: Adachitoka|/ediciones/485670/noragami-rustica/todos|/catalogsearch/result/index/?q=Noragami&product_list_order=name
6313cd63e79ac634c6e80cca|637acaa6a9208d5cf27ce03d|Omoi Omoware Furi Furare (FuriFura: Amores y Desengaños)|furifura|-|Shōjo|Tankōbon|manga|monthly|completed|12|2019-05-01|Coming-of-Age, Drama, Romance|Author: Io Sakisaka|/ediciones/529264/furifura_amores_y_desenganos-rustica_con_sobrecubierta/todos|-
6313cd63e79ac634c6e80cca|637acaa6a9208d5cf27ce03e|One Piece|one-piece|-|Shōnen|Tankōbon|manga|monthly|ongoing|101|2015-02-25|Adventure, Fantasy|Author: Eiichiro Oda|/ediciones/379279/one_piece-rustica/todos|/catalogsearch/result/index/?price=99-159&product_list_order=name&q=one+piece
6313cd63e79ac634c6e80cca|637acaa6a9208d5cf27ce03f|One Piece BLUE|one-piece-blue|-|Guide|Tankōbon|manga|one-shot|completed|1|2021-01-20|Guide|Author: Eiichiro Oda|-|-
6313cd63e79ac634c6e80cca|637acaa6a9208d5cf27ce040|One Piece BLUE DEEP|one-piece-blue-deep|-|Guide|Tankōbon|manga|one-shot|completed|1|2022-04-06|Guide|Author: Eiichiro Oda|-|-
6313cd63e79ac634c6e80cca|637acaa6a9208d5cf27ce041|One Piece GREEN|one-piece-green|-|Guide|Tankōbon|manga|one-shot|completed|1|2021-10-13|Guide|Author: Eiichiro Oda|-|-
6313cd63e79ac634c6e80cca|637acaa6a9208d5cf27ce042|One Piece RED|one-piece-red|-|Guide|Tankōbon|manga|one-shot|completed|1|2020-09-23|Guide|Author: Eiichiro Oda|-|-
6313cd63e79ac634c6e80cca|637acaa6a9208d5cf27ce043|One Piece YELLOW|one-piece-yellow|-|Guide|Tankōbon|manga|one-shot|completed|1|2021-06-16|Guide|Author: Eiichiro Oda|-|-
6313cd63e79ac634c6e80cca|637acaa6a9208d5cf27ce044|One Piece WANTED|one-piece-wanted|-|Shōnen|Tankōbon|manga|one-shot|completed|1|2021-09-08|Guide|Author: Eiichiro Oda|-|-
6313cd63e79ac634c6e80cca|637acaa6a9208d5cf27ce045|One-Punch Man|one-punch-man|-|Seinen|Tankōbon|manga|monthly|ongoing|24|2016-06-01|Action, Comedy, Superhero|Author: One|/ediciones/400624/one-punch_man-rustica_con_solapassobrecubierta/todos|/catalogsearch/result/index/?q=One+punch+man&product_list_order=name
6313cd63e79ac634c6e80cca|637acaa6a9208d5cf27ce046|One Week Friends|one-week-friends|-|Shōnen|Tankōbon|manga|monthly|completed|7|2016-10-26|Romance|Author: Matcha Hazuki|/ediciones/406319/one_week_friends-rustica/todos|-
6313cd63e79ac634c6e80cca|637acaa6a9208d5cf27ce047|Orange|orange|-|Shōjo|Tankōbon|manga|bimonthly|completed|6|2017-03-09|Romance, Slice of Life|Author: Ichigo Takano|/ediciones/410232/orange-rustica/todos|-
6313cd63e79ac634c6e80cca|637acaa6a9208d5cf27ce048|Ore Monogatari!!|ore-monogatari|-|Shōjo|Tankōbon|manga|bimonthly|completed|13|2017-09-06|Romantic Comedy|Writer: Kazune Kawahara; Illustrator: Aruko|/ediciones/487239/ore_monogatari-rustica/todos|-
6313cd63e79ac634c6e80cca|637acaa6a9208d5cf27ce049|Origin|origin|-|Seinen|Tankōbon|manga|bimonthly|completed|10|2020-01-22|Action, Sci-Fi|Author: Boichi|/ediciones/567963/origin-rustica_con_sobrecubierta/todos|-
6313cd63e79ac634c6e80cca|637acaa6a9208d5cf27ce04a|Ouran High-School Host Club|ouran-high-school-host-club|-|Shōjo|Tankōbon|manga|monthly|completed|15|2014-06-04|Drama, Reverse Harem, Romantic Comedy|Author: Bisco Hatori|/ediciones/354942/ouran_high_school_host_club-rustica/todos|-
6313cd63e79ac634c6e80cca|637acaa6a9208d5cf27ce04b|Overlord|overlord|-|Seinen|Tankōbon|manga|bimonthly|ongoing|15|2019-03-13|Dark Fantasy, Isekai|Author: Kugane Maruyama|/ediciones/526169/overlord-rustica_con_sobrecubierta/todos|/catalogsearch/result/index/?price=109-249&q=Overlord&product_list_order=name
6313cd63e79ac634c6e80cca|637acaa6a9208d5cf27ce04c|Oyasumi Punpun|oyasumi-punpun|-|Seinen|Tankōbon|manga|bimonthly|completed|13|2020-06-30|Coming-of-Age, Drama, Slice of Life|Author: Inio Asano|/ediciones/571202/oyasumi_punpun-rustica_con_sobrecubierta/todos|/catalogsearch/result/index/?q=Oyasumi+PUNPUN&product_list_order=name
6313cd63e79ac634c6e80cca|637acaa6a9208d5cf27ce04d|Pandora Hearts|pandora-hearts|-|Shōnen|Tankōbon|manga|monthly|ongoing|24|2021-06-09|Adventure, Dark Fantasy, Mystery|Author: Jun Mochizuki|/ediciones/606376/pandora_hearts-rustica_con_sobrecubierta/todos|/catalogsearch/result/index/?product_list_order=name&q=Pandora+hearts
6313cd63e79ac634c6e80cca|637acaa6a9208d5cf27ce04e|Paradise Kiss|paradise-kiss|-|Josei|Tankōbon|manga|bimonthly|completed|5|2021-09-01|Coming-of-Age, Romance|Author: Ai Yazawa|/ediciones/602589/paradise_kiss-rustica_con_sobrecubierta/todos|/catalogsearch/result/index/?q=paradise+kiss&product_list_order=name
6313cd63e79ac634c6e80cca|637acaa6a9208d5cf27ce04f|Platinum End|platinum-end|-|Shōnen|Tankōbon|manga|bimonthly|completed|14|2018-06-13|Dark Fantasy, Supernatural Thriller|Writer: Tsugumi Ohba; Illustrator: Takeshi Obata|/ediciones/504052/platinum_end-rustica/todos|-
6313cd63e79ac634c6e80cca|637acaa6a9208d5cf27ce050|Plunderer|plunderer|-|Shōnen|Tankōbon|manga|bimonthly|ongoing|20|2019-01-30|Action, Fantasy|Author: Suu Minazuki|/ediciones/526164/plunderer-rustica_con_sobrecubierta/todos|/catalogsearch/result/index/?price=109-229&product_list_order=name&q=Plunderer
6313cd63e79ac634c6e80cca|637acaa6a9208d5cf27ce051|Pokémon Black And White|pokemon-black-and-white|-|Shōnen|Tankōbon|manga|monthly|completed|9|2016-04-06|Adventure, Fantasy|Writer: Hidenori Kusaka; Illustrator: Satoshi Yamamoto|/ediciones/399035/pokemon_black_y_white-rustica/todos|-
6313cd63e79ac634c6e80cca|637acaa6a9208d5cf27ce052|Pokemón Fire Red And Leaf Green|pokemon-fire-red-and-leaf-green|-|Shōnen|Tankōbon|manga|bimonthly|completed|3|2021-09-11|Adventure, Fantasy|Writer: Hidenori Kusaka; Illustrator: Satoshi Yamamoto|/ediciones/604165/pokemon_firered_y_leafgreen-rustica_con_sobrecubierta/todos|-
6313cd63e79ac634c6e80cca|637acaa6a9208d5cf27ce053|Pokémon Gold And Silver|pokemon-gold-and-silver|-|Shōnen|Tankōbon|manga|bimonthly|completed|7|2018-04-25|Adventure, Fantasy|Writer: Hidenori Kusaka; Illustrator: Mato|/ediciones/505173/pokemon_gold_y_silver-rustica/todos|-
6313cd63e79ac634c6e80cca|637acaa6a9208d5cf27ce054|Pokémon Red, Green And Blue|pokemon-red-green-and-blue|-|Shōnen|Tankōbon|manga|monthly|completed|3|2017-03-01|Adventure, Fantasy|Writer: Hidenori Kusaka; Illustrator: Mato|/ediciones/410036/pokemon_red_green_blue-rustica/todos|-
6313cd63e79ac634c6e80cca|637acaa6a9208d5cf27ce055|Pokémon Ruby And Sapphire|pokemon-ruby-and-sapphire|-|Shōnen|Tankōbon|manga|bimonthly|completed|8|2019-07-24|Adventure, Fantasy|Writer: Hidenori Kusaka; Illustrator: Satoshi Yamamoto|/ediciones/529383/pokemon_ruby_y_sapphire-rustica/todos|-
6313cd63e79ac634c6e80cca|637acaa6a9208d5cf27ce056|Pokémon Yellow|pokemon-yellow|-|Shōnen|Tankōbon|manga|bimonthly|completed|4|2017-08-09|Adventure, Fantasy|Writer: Hidenori Kusaka, Illustrator: Mato|/ediciones/484897/pokemon_yellow-rustica/todos|-
6313cd63e79ac634c6e80cca|637acaa6a9208d5cf27ce057|Psychic Detective Yakumo|psychic-detective-yakumo|-|Shōjo|Tankōbon|manga|monthly|completed|14|2015-08-19|Horror, Mystery, Romance, Supernatural|Writer: Manabu Kaminaga; Illustrator: Suzuka Oda|/ediciones/393875/psychic_detective_yakumo-rustica/todos|-
6313cd63e79ac634c6e80cca|637acaa6a9208d5cf27ce058|Psycho Pass|psycho-pass|-|Shōnen|Tankōbon|manga|bimonthly|completed|6|2019-12-04|Crime, Cyberpunk, Psychological Thriller|Author: Hikaru Miyoshi|/ediciones/564709/inspector_akane_tsunemori_-_psycho-pass-rustica_con_sobrecubierta/todos|-
6313cd63e79ac634c6e80cca|637acaa6a9208d5cf27ce059|Quiero Tocar Tu Uniforme|quiero-tocar-tu-uniforme|-|Yaoi|Tankōbon|manga|monthly|completed|2|2021-11-14|Boys Love, Drama, Erotica|Author: Yoshimi Touda|/ediciones/611423/quiero_tocar_tu_uniforme-rustica_con_sobrecubierta/todos|-
6313cd63e79ac634c6e80cca|637acaa6a9208d5cf27ce05a|Radiant|radiant|-|Shōnen|Tankōbon|manfra|bimonthly|ongoing|16|2019-05-22|Adventure, Fantasy|Author: Tony Valente|/ediciones/528903/radiant-rustica_con_sobrecubierta/todos|/catalogsearch/result/index/?price=100-139&product_list_order=name&q=Radiant
6313cd63e79ac634c6e80cca|637acaa6a9208d5cf27ce05b|Ranma 1/2|ranma-½|-|Shōnen|Tankōbon|manga|monthly|completed|38|2017-03-01|Adventure, Martial Arts, Romantic Comedy|Author: Rumiko Takahashi|/ediciones/410035/ranma_12-rustica/todos|-
6313cd63e79ac634c6e80cca|637acaa6a9208d5cf27ce05c|Rent-A-Girlfriend|rent-a-girlfriend|-|Shōnen|Tankōbon|manga|monthly|ongoing|25|2021-06-23|Harem, Romantic Comedy|Author: Reiji Miyajima|/ediciones/605158/rent-a-girlfriend-rustica_con_sobrecubierta/todos|/catalogsearch/result/index/?price=119-744&product_list_order=name&q=rent-a-girlfriend
6313cd63e79ac634c6e80cca|637acaa6a9208d5cf27ce05d|Re:Zero (Chapter one)|re-zero-chapter-one|-|Shōnen|Tankōbon|manga|monthly|completed|2|2018-07-04|Adventure, Comedy, Drama, Fantasy, Romance|Author: Tappei Nagatsuki|/ediciones/506110/rezero_-_capitulo_1_un_dia_en_la_capital_imperial-rustica/todos|-
6313cd63e79ac634c6e80cca|637acaa6a9208d5cf27ce05e|Re:Zero (Chapter two)|re-zero-chapter-two|-|Shōnen|Tankōbon|manga|bimonthly|completed|5|2019-03-06|Adventure, Comedy, Drama, Fantasy, Romance|Author: Tappei Nagatsuki|/ediciones/528133/rezero_-_capitulo_2_una_semana_en_la_mansion-rustica_con_sobrecubierta/todos|-
6313cd63e79ac634c6e80cca|637acaa6a9208d5cf27ce05f|Re:Zero (Chapter three)|re-zero-chapter-three|-|Shōnen|Tankōbon|manga|bimonthly|completed|11|2020-04-01|Adventure, Comedy, Drama, Fantasy, Romance|Author: Tappei Nagatsuki|/ediciones/568086/rezero_-_capitulo_3_la_verdad_de_zero-rustica_con_sobrecubierta/todos|-
6313cd63e79ac634c6e80cca|637acaa6a9208d5cf27ce060|Resident Evil: Marhawa Desire|resident-evil|-|Shōnen|Tankōbon|manga|monthly|completed|5|2015-10-18|Horror|Author: Naoki Serizawa|/ediciones/394252/resident_evil_marhawa_desire-rustica/todos|-
6313cd63e79ac634c6e80cca|637acaa6a9208d5cf27ce061|Rock Lee no Seishun Full-Power Ninden|rock-lee|-|Shōnen|Tankōbon|manga|bimonthly|completed|7|2020-07-15|Adventure, Fantasy Comedy, Martial Arts|Author: Taira Kenji|/ediciones/574990/rock_lee_la_primavera_de_una_juventud_ninja-rustica_con_sobrecubierta/todos|-
6313cd63e79ac634c6e80cca|637acaa6a9208d5cf27ce062|Rosario + Vampire|rosario-vampire|-|Shōnen|Tankōbon|manga|bimonthly|completed|10|2017-02-08|Harem, Romantic Comedy, Supernatural|Author: Akihisa Ikeda|/ediciones/409428/rosario_vampire-rustica/todos|-
6313cd63e79ac634c6e80cca|637acaa6a9208d5cf27ce063|Rosario + Vampire Season II|rosario-vampire-season-2|-|Shōnen|Tankōbon|manga|bimonthly|ongoing|14|2020-09-02|Harem, Romantic Comedy, Supernatural|Author: Akihisa Ikeda|/ediciones/575076/rosario_vampire_season_ii-rustica_con_sobrecubierta/todos|/catalogsearch/result/index/?q=ROSARIO+VAMPIRE+SECOND+SEASON&product_list_order=name
6313cd63e79ac634c6e80cca|637acaa6a9208d5cf27ce064|Rooster Fighter|rooster-fighter|-|Seinen|Tankōbon|manga|undefined|ongoing|2|2021-08-28|Action, Comedy, Parody|Author: Shū Sakuratani|/ediciones/609638/rooster_fighter-rustica_con_sobrecubierta/todos|/catalogsearch/result/index/?q=rooster+fighter&product_list_order=name
6313cd63e79ac634c6e80cca|637acaa6a9208d5cf27ce065|Rin-ne (Kyoukai no Rinne)|rin-ne|-|Shōnen|Tankōbon|manga|bimonthly|completed|40|2017-01-18|Romantic Comedy, Slice of Life, Supernatural|Author: Rumiko Takahashi|/ediciones/408721/rin-ne_-_circulo_de_reencarnacion-rustica/todos|-
6313cd63e79ac634c6e80cca|637acaa6a9208d5cf27ce066|Ruroni Kenshin (Samurai X)|ruroni-kenshin|-|Shōnen|Kanzenban|manga|bimonthly|ongoing|22|2020-02-19|Adventure, Martial Arts, Romance|Author: Nobuhiro Watsuki|/ediciones/568041/ruroni_kenshin_-_edicion_kanzenban-rustica_con_sobrecubierta/todos|/catalogsearch/result/index/?price=199-372&product_list_order=name&q=kenshin
6313cd63e79ac634c6e80cca|637acaa6a9208d5cf27ce067|Sailor Moon|sailor-moon|-|Shōjo|Tankōbon|manga|monthly|completed|12|2015-09-09|Magical Girl, Fantasy, Romance, Adventure, Drama, Comedia|Author: Naoko Takeuchi|/ediciones/394056/pretty_guardian_sailor_moon-rustica/todos|-
6313cd63e79ac634c6e80cca|637acaa6a9208d5cf27ce068|Sailor Moon: Short Stories|sailor-moon-short-stories|-|Shōjo|Tankōbon|manga|monthly|completed|2|2017-02-22|Magical Girl, Fantasy, Romance, Adventure, Drama, Comedia|Author: Naoko Takeuchi|/ediciones/409867/pretty_guardian_sailor_moon_short_stories-rustica/todos|-
6313cd63e79ac634c6e80cca|637acaa6a9208d5cf27ce069|Sailor V|sailor-v|-|Shōjo|Tankōbon|manga|monthly|completed|2|2017-04-26|Magical Girl, Fantasy, Romance, Adventure, Drama, Comedia|Author: Naoko Takeuchi|/ediciones/472044/codename_sailor_v-rustica/todos|-
6313cd63e79ac634c6e80cca|637acaa6a9208d5cf27ce06a|Saint Seiya|saint-seiya|-|Shōnen|Kanzenban|manga|monthly|completed|22|2018-08-15|Fantasy, Martial Arts, Mythological|Author: Masami Kurumada|/ediciones/509471/saint_seiya_-_ultimate_edition-rustica_con_sobrecubierta/todos|-
6313cd63e79ac634c6e80cca|637acaa6a9208d5cf27ce06b|Saint Seiya: Saintia Shō|saint-seiya-saintia-sho|-|Seinen|Tankōbon|manga|bimonthly|ongoing|16|2019-02-16|Magical Girl, Fantasy, Martial Arts, Mythological|Creator: Masami Kurumada; Author: Chimaki Kuori|/ediciones/524630/saint_seiya_-_saintia_sho-rustica_con_sobrecubierta/todos|/catalogsearch/result/index/?q=saint+seiya+saintia+sho&product_list_order=name
6313cd63e79ac634c6e80cca|637acaa6a9208d5cf27ce06c|Saint Seiya: The Lost Canvas|saint-seiya-the-lost-canvas|-|Shōnen|Tankōbon|manga|bimonthly|completed|25|2014-03-14|Fantasy, Martial Arts, Mythological|Creator: Masami Kurumada; Author: Shiori Teshirogi|/ediciones/354938/saint_seiya_-_the_lost_canvas-rustica/todos|-
6313cd63e79ac634c6e80cca|637acaa6a9208d5cf27ce06d|Saint Seiya: The Lost Canvas Gaiden|saint-seiya-the-lost-canvas-gaiden|-|Shōnen|Tankōbon|manga|monthly|completed|16|2017-03-22|Fantasy, Martial Arts, Mythological|Creator: Masami Kurumada; Author: Shiori Teshirogi|/ediciones/410793/saint_seiya_-_the_lost_canvas_gaiden-rustica/todos|-
6313cd63e79ac634c6e80cca|637acaa6a9208d5cf27ce06e|Sakamoto desu ga?|sakamoto-desu-ga|-|Seinen|Tankōbon|manga|bimonthly|completed|4|2017-04-12|Comedy|Author: Nami Sano|/ediciones/411477/sakamoto_desu_ga_im_sakamoto_you_know-rustica/todos|-
6313cd63e79ac634c6e80cca|637acaa6a9208d5cf27ce06f|SandLand|sandland|-|Shōnen|Tankōbon|manga|one-shot|completed|1|2020-10-14|Adventure, Comedy, Science Fiction|Author: Akira Toriyama|-|-
6313cd63e79ac634c6e80cca|637acaa6a9208d5cf27ce070|Samurai 7|samurai-7|-|Shōnen|Tankōbon|manga|monthly|completed|2|2016-08-24|Action, Fantasy, Science Fiction|Author: Akira Kurosawa|/ediciones/403692/samurai_7-rustica/todos|-
6313cd63e79ac634c6e80cca|637acaa6a9208d5cf27ce071|Seraph of the End|seraph-of-the-end|-|Shōnen|Tankōbon|manga|bimonthly|ongoing|26|2017-11-01|Dark Fantasy, Post-Apocalyptic, Vampire|Writer: Takaya Kagami; Illustrator: Yamato Yamamoto|/ediciones/489052/seraph_of_the_end-rustica/todos|/catalogsearch/result/index/?product_list_order=name&q=seraph+of+the+end
6313cd63e79ac634c6e80cca|637acaa6a9208d5cf27ce072|Shaman King [Complete Edition]|shaman-king|-|Shōnen|Tankōbon|manga|monthly|ongoing|35|2020-10-28|Adventure, Supernatural|Author: Hiroyuki Takei|/ediciones/589294/shaman_king-rustica_con_sobrecubierta/todos|/catalogsearch/result/index/?price=199-666&q=shaman+king&product_list_order=name
6313cd63e79ac634c6e80cca|637acaa6a9208d5cf27ce073|Sherlock|sherlock|-|Seinen|Tankōbon|manga|quarterly|completed|5|2017-05-24|Action, Crime, Drama, Mistery, Fiction, Psychological Thriller|Author: Jay|/ediciones/483526/sherlock-rustica_con_solapas/todos|-
6313cd63e79ac634c6e80cca|637acaa6a9208d5cf27ce074|Slam Dunk|slam-dunk|-|Shōnen|Kanzenban|manga|bimonthly|ongoing|24|2019-02-12|Comedy, Coming-of-Age, Sports|Author: Takehiko Inoue|/ediciones/524761/slam_dunk-rustica_con_solapas/todos|/catalogsearch/result/index/?product_list_order=name&q=slam+dunk
6313cd63e79ac634c6e80cca|637acaa6a9208d5cf27ce075|Solanin|solanin|-|Seinen|Tankōbon|manga|bimonthly|completed|2|2021-09-29|Coming-of-Age, Romance, Slice of Life|Author: Inio Asano|/ediciones/611289/solanin-rustica_con_sobrecubierta/todos|-
6313cd63e79ac634c6e80cca|637acaa6a9208d5cf27ce076|Sora no Otoshimono|sora-no-otoshimono|-|Shōnen|Tankōbon|manga|monthly|completed|20|2017-03-09|Comedy, Fantasy, Harem|Author: Suu Minazuki|/ediciones/410231/sora_no_otoshimono-rustica/todos|-
6313cd63e79ac634c6e80cca|637acaa6a9208d5cf27ce077|Soul Eater|soul-eater|-|Shōnen|Tankōbon|manga|monthly|completed|25|2017-10-18|Action, Dark Comedy, Dark Fantasy|Author: Atsushi Ohkubo|/ediciones/488516/soul_eater-rustica/todos|-
6313cd63e79ac634c6e80cca|637acaa6a9208d5cf27ce078|Spy X Family|spy-x-family|-|Shōnen|Tankōbon|manga|bimonthly|ongoing|8|2021-02-10|Action, Comedy, Spy|Author: Tatsuya Endo|/ediciones/599163/spy_x_family-rustica_con_sobrecubierta/todos|/catalogsearch/result/index/?q=SPY+X+FAMILY&product_list_order=name
6313cd63e79ac634c6e80cca|637acaa6a9208d5cf27ce079|Star Wars Manga|star-wars-manga|-|sci-fi|Tankōbon|manga|monthly|completed|12|2017-12-20|Epic, Space Opera|Author: Hisao Tamaki|/ediciones/490746/star_wars_manga-rustica/todos|-
6313cd63e79ac634c6e80cca|637acaa6a9208d5cf27ce07a|Star Wars: Lost Stars|star-wars-lost-stars|-|sci-fi|Tankōbon|manga|biannual|completed|3|2019-05-15|Epic, Space Opera|Author: Yusaku Komiyama|/ediciones/530121/star_wars_lost_stars-rustica_256_pp/todos|-
6313cd63e79ac634c6e80cca|637acaa6a9208d5cf27ce07b|Star Wars: The High Republic|star-wars-the-high-republic|-|sci-fi|Tankōbon|manga|one-shot|completed|1|2021-12-22|Epic, Space Opera|Writer: Shima Shinya; Illustrator: Mizuki Sakakibara|/ediciones/615761/star_wars_the_high_republic_al_filo_del_balance-rustica|-
6313cd63e79ac634c6e80cca|637acaa6a9208d5cf27ce07c|Strobe Edge|strobe-edge|-|Shōjo|Tankōbon|manga|bimonthly|completed|10|2017-05-03|Coming-of-Age, Romance|Author: Io Sakisaka|/ediciones/472332/strobe_edge-rustica/todos|-
6313cd63e79ac634c6e80cca|637acaa6a9208d5cf27ce07d|Sword Art Online: Aincrad|sword-art-online-aincrad|-|sci-fi|Tankōbon|manga|monthly|completed|2|2014-11-02|Adventure, Science Fiction|Writer: Reki Kawahara; Illustrator: Tamako Nakamura|/ediciones/356433/sword_art_online_aincrad-rustica/todos|-
6313cd63e79ac634c6e80cca|637acaa6a9208d5cf27ce07e|Sword Art Online: Calibur|sword-art-online-calibur|-|sci-fi|Tankōbon|manga|one-shot|completed|1|2018-05-30|Adventure, Science Fiction|Writer: Reki Kawahara; Illustrator: Shii Kiya|/ediciones/506392/sword_art_online_calibur-rustica|-
6313cd63e79ac634c6e80cca|637acaa6a9208d5cf27ce07f|Sword Art Online: Fairy Dance|sword-art-online-fairy-dance|-|sci-fi|Tankōbon|manga|monthly|completed|3|2015-08-19|Adventure, Science Fiction|Writer: Reki Kawahara; Illustrator: Hazuki Tsubasa|/ediciones/393874/sword_art_online_fairy_dance-rustica/todos|-
6313cd63e79ac634c6e80cca|637acaa6a9208d5cf27ce080|Sword Art Online: Girl Operations|sword-art-online-girl-operations|-|sci-fi|Tankōbon|manga|bimonthly|completed|8|2019-09-18|Adventure, Science Fiction|Writer: Reki Kawahara; Illustrator: Neko Nekobyō|/ediciones/552956/sword_art_online_girls_operations-rustica_con_sobrecubierta/todos|-
6313cd63e79ac634c6e80cca|637acaa6a9208d5cf27ce081|Sword Art Online: Mother's Rosario|sword-art-online-mothers-rosario|-|sci-fi|Tankōbon|manga|bimonthly|completed|3|2018-08-01|Adventure, Science Fiction|Writer: Reki Kawahara; Illustrator: Hazuki Tsubasa|/ediciones/506112/sword_art_online_mothers_rosary-rustica/todos|-
6313cd63e79ac634c6e80cca|637acaa6a9208d5cf27ce082|Sword Art Online: Phantom Bullet|sword-art-online-phantom-bullet|-|sci-fi|Tankōbon|manga|monthly|completed|3|2016-06-22|Adventure, Science Fiction|Writer: Reki Kawahara; Illustrator: Kōtarō Yamada|/ediciones/401509/sword_art_online_phantom_bullet-rustica/todos|-
6313cd63e79ac634c6e80cca|637acaa6a9208d5cf27ce083|Sword Art Online: Progressive|sword-art-online-progressive|-|sci-fi|Tankōbon|manga|bimonthly|completed|5|2021-06-23|Adventure, Science Fiction|Writer: Reki Kawahara; Illustrator: Kiseki Himura|/ediciones/608424/sword_art_online_progressive-rustica_con_sobrecubierta/todos|-
6313cd63e79ac634c6e80cca|637acaa6a9208d5cf27ce084|Takagi: La maestra de las bromas|takagi-la-maestra-de-las-bromas|-|Shōnen|Tankōbon|manga|bimonthly|ongoing|17|2019-08-28|Romantic Comedy, Slice of Life|Author: Sōichirō Yamamoto|/ediciones/552273/takagi_la_maestra_de_las_bromas-rustica_con_sobrecubierta/todos|/catalogsearch/result/index/?q=takagi+la+maestra+de+las+bromas&product_list_order=name
6313cd63e79ac634c6e80cca|637acaa6a9208d5cf27ce085|Tanya The Evil|tanya-the-evil|-|Seinen|Tankōbon|manga|bimonthly|ongoing|23|2019-05-08|Fantasy, Isekai, Military|Writer: Carlo Zen; Illustrator: Chika Tōjō|/ediciones/529263/cronicas_de_guerra_tanya_the_evil-rustica_con_sobrecubierta/todos|/catalogsearch/result/index/?product_list_order=name&q=Tanya+The+Evil
6313cd63e79ac634c6e80cca|637acaa6a9208d5cf27ce086|Weathering With You (Tenki no Ko)|weathering-with-you|-|Seinen|Tankōbon|manga|bimonthly|completed|3|2021-03-24|Romantic, Fantasy|Writer: Makoto Shinkai; Illustrator: Wataru Kubota|/ediciones/599956/weathering_with_you-rustica_con_sobrecubierta/todos|-
6313cd63e79ac634c6e80cca|637acaa6a9208d5cf27ce087|Tenku Shinpan|tenku-shinpan|-|Shōnen|Tankōbon|manga|bimonthly|ongoing|21|2020-01-22|Action, Isekai, Survival|Writer: Tsuina Miura; Illustrator: Takahiro Oba|/ediciones/567925/tenku_shinpan_invasion_en_las_alturas-rustica_con_sobrecubierta/todos|/catalogsearch/result/index/?price=109-299&product_list_order=name&q=TENKU+SHINPAN
6313cd63e79ac634c6e80cca|637acaa6a9208d5cf27ce088|Terra Formars|terra-formars|-|Seinen|Tankōbon|manga|bimonthly|ongoing|22|2017-03-22|Adventure, Horror, Science Fiction|Writer: Yū Sasuga; Illustrator: Kenichi Tachibana|/ediciones/410792/terra_formars-rustica/todos|/catalogsearch/result/index/?product_list_order=name&q=terraformars
6313cd63e79ac634c6e80cca|637acaa6a9208d5cf27ce089|The Ancient Magus' Bride|the-ancient-magus-bride|-|Shōnen|Tankōbon|manga|bimonthly|ongoing|17|2019-07-17|Dark Fantasy, Mystery, Supernatural|Author: Kore Yamazaki|/ediciones/552228/the_ancient_magus_bride-rustica_con_sobrecubierta/todos|/catalogsearch/result/index/?p=2&product_list_order=name&q=The+Ancient+Magus+Bride
6313cd63e79ac634c6e80cca|637acaa6a9208d5cf27ce08a|The Gods Lie|the-gods-lie|-|Seinen|Tankōbon|manga|one-shot|completed|1|2020-03-04|Coming-of-Age|Author: Kaori Ozaki|-|-
6313cd63e79ac634c6e80cca|637acaa6a9208d5cf27ce08b|The Legend of Zelda|the-legend-of-zelda|-|Shōnen|Kanzenban|manga|bimonthly|completed|5|2017-12-13|Action, Adventure|Author: Akira Himekawa|/ediciones/490044/the_legend_of_zelda_-_perfect_edition-rustica_con_sobrecubierta/todos|-
6313cd63e79ac634c6e80cca|637acaa6a9208d5cf27ce08c|The Legend of Zelda: A Link To The Past|the-legend-of-zelda-a-link-to-the-past|-|Shōnen|Tankōbon|manga|one-shot|completed|1|2021-12-01|Action, Adventure|Author: Akira Himekawa|/ediciones/615048/the_legend_of_zelda_a_link_to_the_past-rustica_con_solapas|-
6313cd63e79ac634c6e80cca|637acaa6a9208d5cf27ce08d|The Promised Neverland|the-promised-neverland|-|Shōnen|Tankōbon|manga|bimonthly|ongoing|20|2019-05-31|Dark Fantasy, Science Fiction, Thriller|Writer: Kaiu Shirai; Illustrator: Posuka Demizu|/ediciones/529265/the_promised_neverland-rustica_con_sobrecubierta/todos|/catalogsearch/result/index/?product_list_order=name&q=the+promise+neverland
6313cd63e79ac634c6e80cca|637acaa6a9208d5cf27ce08e|The Seven Deadly Sins|the-seven-deadly-sins|-|Shōnen|Tankōbon|manga|monthly|completed|41|2017-05-24|Adventure, Fantasy|Author: Nakaba Suzuki|/ediciones/483525/the_seven_deadly_sins-rustica/todos|-
6313cd63e79ac634c6e80cca|637acaa6a9208d5cf27ce08f|To Love Ru|to-love-ru|-|Shōnen|Tankōbon|manga|monthly|completed|18|2018-01-24|Harem, Romantic Comedy, Science Fiction|Writer: Saki Hasemi; Illustrator: Kentaro Yabuki|/ediciones/501785/to_love-ru-rustica/todos|-
6313cd63e79ac634c6e80cca|637acaa6a9208d5cf27ce090|To Love Ru: Darkness|to-love-ru-darkness|-|Shōnen|Tankōbon|manga|bimonthly|ongoing|18|2021-03-03|Harem, Romantic Comedy, Science Fiction|Writer: Saki Hasemi; Illustrator: Kentaro Yabuki|/ediciones/599256/to_love-ru_darkness-rustica_con_sobrecubierta/todos|/catalogsearch/result/index/?q=To+love+ru+darkness&product_list_order=name
6313cd63e79ac634c6e80cca|637acaa6a9208d5cf27ce091|Tokyo Ghoul|tokyo-ghoul|-|Seinen|Tankōbon|manga|monthly|completed|14|2016-03-23|Dark Fantasy, Supernatural Thriller|Author: Sui Ishida|/ediciones/399034/tokyo_ghoul-rustica/todos|-
6313cd63e79ac634c6e80cca|637acaa6a9208d5cf27ce092|Tokyo Ghoul: RE|tokyo-ghoul-re|-|Seinen|Tankōbon|manga|bimonthly|completed|16|2019-06-28|Dark Fantasy, Supernatural Thriller|Author: Sui Ishida|/ediciones/484810/tokyo_ghoulre-rustica/todos|-
6313cd63e79ac634c6e80cca|637acaa6a9208d5cf27ce093|Tower of God|tower-of-god|-|Dark Fantasy|Tankōbon|manhwa|bimonthly|ongoing|8|2022-01-26|Action, Dark Fantasy|Author: S.I.U. (Lee Jong Hui)|/ediciones/617238/tower_of_god-rustica_con_solapas|/catalogsearch/result/index/?q=Tower+of+god&product_list_order=name
6313cd63e79ac634c6e80cca|637acaa6a9208d5cf27ce094|Twin Star Exorcists|twin-star-exorcists|-|Shōnen|Tankōbon|manga|bimonthly|ongoing|28|2017-06-21|Adventure, Romance, Supernatural|Author: Yoshiaki Sukeno|/ediciones/484466/twin_star_exorcists_onmyouji-rustica/todos|/catalogsearch/result/index/?q=Twin+star+exorcists&product_list_order=name
6313cd63e79ac634c6e80cca|637acaa6a9208d5cf27ce095|Ultraman|ultraman|-|Seinen|Tankōbon|manga|bimonthly|ongoing|17|2019-03-27|Science Fiction, Superhero, Tokusatsu|Writer: Eiichi Shimizu; Illustrator: Tomohiro Shimoguchi|/ediciones/524716/ultraman-rustica_con_sobrecubierta/todos|/catalogsearch/result/index/?product_list_order=name&q=Ultraman
6313cd63e79ac634c6e80cca|637acaa6a9208d5cf27ce096|Uzumaki|uzumaki|-|Seinen|Tankōbon|manga|bimonthly|completed|3|2017-10-11|Dark Fantasy, Psychological Horror, Supernatural|Author: Junji Ito|/ediciones/487988/uzumaki-rustica/todos|-
6313cd63e79ac634c6e80cca|637acaa6a9208d5cf27ce097|Vagabond|vagabond|-|Seinen|Tankōbon|manga|bimonthly|ongoing|37|2019-03-27|Epic, Historical, Martial Arts|Author: Takehiko Inoue|/ediciones/525797/vagabond-rustica_con_solapas/todos|/catalogsearch/result/index/?q=vagabond&product_list_order=name
6313cd63e79ac634c6e80cca|637acaa6a9208d5cf27ce098|Vampire Knight|vampire-knight|-|Shōjo|Tankōbon|manga|monthly|completed|19|2014-03-14|Dark Fantasy, Romance, Supernatural|Author: Matsuri Hino|/ediciones/354941/vampire_knight-rustica/todos|-
6313cd63e79ac634c6e80cca|637acaa6a9208d5cf27ce099|Vampire Knight: Memories|vampire-knight-memories|-|Shōjo|Tankōbon|manga|bimonthly|ongoing|6|2019-07-31|Dark Fantasy, Romance, Supernatural|Author: Matsuri Hino|/ediciones/552227/vampire_knight_memories-rustica_con_sobrecubierta/todos|/catalogsearch/result/index/?price=100-130&product_list_order=name&q=vampire+knight+memories
6313cd63e79ac634c6e80cca|637acaa6a9208d5cf27ce09a|My Hero Academia: Vigilante|my-hero-academia-vigilante|-|Shōnen|Tankōbon|manga|bimonthly|ongoing|15|2020-08-26|Superhero|Writer: Hideyuki Furuhashi; Illustrator: Betten Court|/ediciones/588258/vigilante_my_hero_academia_illegals-rustica_con_sobrecubierta/todos|/catalogsearch/result/index/?q=Vigilantes+Boku+no+hero&product_list_order=name
6313cd63e79ac634c6e80cca|637acaa6a9208d5cf27ce09b|World of Warcraft: Chamán|world-of-warcraft-chaman|-|Adventure|Tankōbon|manga|one-shot|completed|1|2019-07-24|Fantasy|Writer: Paul Benjamin; Illustrator: Rocio Zucchi|-|-
6313cd63e79ac634c6e80cca|637acaa6a9208d5cf27ce09c|World of Warcraft: El Caballero de la Muerte|world-of-warcraft-el-caballero-de-la-muerte|-|Adventure|Tankōbon|manga|one-shot|completed|1|2019-05-29|Fantasy|"Writer: 	Dan Jolley; Illustrator: Rocio Zucchi"|-|-
6313cd63e79ac634c6e80cca|637acaa6a9208d5cf27ce09d|World of Warcraft: Leyendas|world-of-warcraft-leyendas|-|Adventure|Tankōbon|manga|monthly|completed|5|2018-08-29|Fantasy|Writer: Richard A. Knaak, Troy Lewter, Dan Jolley, Grace Randolph, Aaron Sparrow, Christie Golden, Tim Beedle, Evelyn Fredericksen, Louise Simonson; Illustrator: Jae-Hwan Kim, Mi-Young No, Carlos Olivares, Nam Kim, Erica Horita, Elisa Kwon, In-Bae Kim, Fernando Heinz Furukawa, Qing Ping Mui, Ryo Kawakami, Erica Awano, Seung-hui Kye, Rob Ten Pas|/ediciones/510425/warcraft_leyendas-rustica_176_pp/todos|-
6313cd63e79ac634c6e80cca|637acaa6a9208d5cf27ce09e|World of Warcraft: Fuente de Sol|world-of-warcraft-fuente-de-sol|-|Adventure|Tankōbon|manga|monthly|completed|3|2019-02-27|Fantasy|Writer: Richard A. Knaak; Illustrator: Kim Jae-Hwan|/ediciones/527607/warcraft_fuente_del_sol-rustica_176_pp/todos|-
6313cd63e79ac634c6e80cca|637acaa6a9208d5cf27ce09f|World of Warcraft: Mago|world-of-warcraft-mago|-|Adventure|Tankōbon|manga|one-shot|completed|1|2019-06-26|Fantasy|Writer: Richard A. Knaak; Illustrator: Ryo Kawakami|-|-
6313cd63e79ac634c6e80cca|637acaa6a9208d5cf27ce0a0|We Never Learn|we-never-learn|-|Shōnen|Tankōbon|manga|bimonthly|ongoing|21|2020-11-04|Harem, Romantic Comedy, Slice of Life|Author: Taishi Tsutsui|/ediciones/591075/we_never_learn-rustica_con_sobrecubierta/todos|/catalogsearch/result/index/?product_list_order=name&q=we+never+learn
6313cd63e79ac634c6e80cca|637acaa6a9208d5cf27ce0a1|Wolf Children|wolf-children|-|Seinen|Tankōbon|manga|bimonthly|completed|3|2018-03-14|Drama, Fantasy, Romance, Slice of Life|Writer: Mamoru Hosoda; Illustrator: Yuu|/ediciones/503507/wolf_children-rustica/todos|-
6313cd63e79ac634c6e80cca|637acaa6a9208d5cf27ce0a2|Wotakoi|wotakoi|-|Josei|Tankōbon|manga|bimonthly|completed|11|2019-03-20|Romantic Comedy|Author: Fujita|/ediciones/528763/wotakoi_que_dificil_es_el_amor_para_los_otaku-rustica_con_sobrecubierta/todos|/catalogsearch/result/index/?q=wotakoi&product_list_order=name
6313cd63e79ac634c6e80cca|637acaa6a9208d5cf27ce0a3|Yo-Kai Watch|yo-kai-watch|-|Children|Tankōbon|manga|monthly|completed|28|2016-09-07|Comedy, Supernatural|Author: Noriyuki Konishi|/ediciones/403623/yo-kai_watch-rustica/todos|-
6313cd63e79ac634c6e80cca|637acaa6a9208d5cf27ce0a4|Your Lie in April|your-lie-in-april|-|Shōnen|Tankōbon|manga|bimonthly|completed|11|2018-04-11|Romantic Drama|Author: Naoshi Arakawa|/ediciones/503069/your_lie_in_april-rustica/todos|-
6313cd63e79ac634c6e80cca|637acaa6a9208d5cf27ce0a5|Your Name|your-name|-|Shōjo|Tankōbon|manga|bimonthly|completed|3|2017-08-16|Romantic, Fantasy|Writer: Makoto Shinkai; Illustrator: Ranmaru Kotone|/ediciones/486384/your_name-rustica/todos|-
6313cd63e79ac634c6e80cca|637acaa6a9208d5cf27ce0a6|Yu-Gi-Oh!|yu-gi-oh|-|Shōnen|Bunkoban|manga|bimonthly|ongoing|38|2020-08-16|Adventure, Science Fantasy|Author: Kazuki Takahashi|/ediciones/574881/yu-gi-oh-rustica_con_sobrecubierta/todos|/catalogsearch/result/index/?q=Yu+gi+oh&product_list_order=name
6313cd63e79ac634c6e80cca|637acaa6a9208d5cf27ce0a7|Yu Yu Hakusho|yu-yu-hakusho|-|Shōnen|Kanzenban|manga|bimonthly|ongoing|15|2020-01-29|Adventure, Martial Arts, Supernatural|Author: Yoshihiro Togashi|/ediciones/564703/yu_yu_hakusho_-_edicion_kanzenban-rustica_con_sobrecubierta/todos|/catalogsearch/result/index/?product_list_order=name&q=Yu+Yu+Hakusho
6313cd63e79ac634c6e80cca|637acaa6a9208d5cf27ce0a8|Yuna de la posada Yuragi|yuna-de-la-posada-yuragi|-|Shōnen|Tankōbon|manga|bimonthly|ongoing|24|2019-10-30|Comedy, Harem, Supernatural|Author: Tadahiro Miura|/ediciones/564704/yuna_de_la_posada_yuragi-rustica_con_sobrecubierta/todos|/catalogsearch/result/index/?product_list_order=name&q=Yuna+de+la+posada
6313cd63e79ac634c6e80cca|637acaa6a9208d5cf27ce0a9|Dakaichi|dakaichi|-|Josei|Tankōbon|manga|bimonthly|ongoing|8|2022-03-09|Boys Love, Romantic Comedy, Slapstick|Author: Hashigo Sakurabi|/ediciones/617131/dakaichi_mi_rival_mas_deseado-rustica_con_sobrecubierta/todos|/catalogsearch/result/index/?q=dakaichi&product_list_order=name
6313cd63e79ac634c6e80cca|637acaa6a9208d5cf27ce0aa|Tokyo Revengers|tokyo-revengers|-|Shōnen|Tankōbon|manga|monthly|ongoing|28|2022-02-23|Action, Science Fiction Thriller, Yankī|Author: Ken Wakui|/ediciones/617009/tokyo_revengers-rustica_con_sobrecubierta/todos|/catalogsearch/result/index/?q=Tokyo+revengers&product_list_order=name
6313cd63e79ac634c6e80cca|637acaa6a9208d5cf27ce0ab|Mieruko-Chan|mieruko-chan|-|Seinen|Tankōbon|manga|bimonthly|ongoing|7|2022-03-22|Horror Comedy|Author: Tomoki Izumi|/ediciones/616933/mieruko-chan-rustica_con_sobrecubierta/todos|/catalogsearch/result/index/?q=Mieruko+Chan&product_list_order=name
6313cd63e79ac634c6e80cca|637acaa6a9208d5cf27ce0ac|Blue Period|blue-period|-|Seinen|Tankōbon|manga|monthly|ongoing|12|2022-05-25|Coming-of-Age, Drama|Author: Tsubasa Yamaguchi|/ediciones/620542/blue_period-rustica_con_sobrecubierta/todos|/catalogsearch/result/index/?q=blue+period&product_list_order=name
6313cd63e79ac634c6e80cca|637acaa6a9208d5cf27ce0ad|Nana|nana|-|Shōjo|Tankōbon|manga|monthly|ongoing|21|2022-05-25|Drama, Musical, Romance|Author: Ai Yazawa|/ediciones/620396/nana-rustica_con_sobrecubierta/todos|/catalogsearch/result/index/?price=129-139&product_list_order=name&q=nana
6313cd63e79ac634c6e80cca|637acaa6a9208d5cf27ce0ae|Komi-san Can't Communicate|komi-san|-|Shōnen|Tankōbon|manga|monthly|ongoing|26|2022-04-20|Coming-of-Age, Romantic Comedy, Slice of Life|Author: Tomohito Oda|/ediciones/620486/komi-san_cant_communicate-rustica_con_sobrecubierta|/catalogsearch/result/index/?q=komi+cant+communicate&product_list_order=name
6313cd63e79ac634c6e80cca|637acaa6a9208d5cf27ce0af|Deadpool: Samurai|deadpool-samurai|-|Shōnen|Tankōbon|manga|quarterly|ongoing|2|2022-06-24|Adventure|Writer: Sanshiro Kasama; Illustrator: Hikaru Uesugi|/ediciones/626114/deadpool_samurai-rustica_con_sobrecubierta/todos|/catalogsearch/result/?q=deadpool+samurai
6313cd63e79ac634c6e80cca|637acaa6a9208d5cf27ce0b0|Cells at Work!|cells-at-work|-|Shōnen|Tankōbon|manga|bimonthly|ongoing|6|2022-04-20|Biology, Comedy|Author: Akane Shimizu|/ediciones/620204/cells_at_work-rustica_con_sobrecubierta/todos|/catalogsearch/result/index/?q=Cells+At+work&product_list_order=name
6313cd63e79ac634c6e80cca|637acaa6a9208d5cf27ce0b1|Haikyu!!|haikyu|-|Shōnen|Tankōbon|manga|quarterly|ongoing|15|2022-06-22|Comedy, Coming-of-Age, Sports|Author: Haruichi Furudate|/ediciones/617345/haikyu-rustica_con_sobrecubierta/todos|/catalogsearch/result/index/?q=haikyu&product_list_order=name
6313cd63e79ac634c6e80cca|637acaa6a9208d5cf27ce0b2|Shangri-la Frontier|shangri-la-frontier|-|Shōnen|Tankōbon|manga|bimonthly|ongoing|9|2022-06-08|Action|Author: Katarina|/ediciones/617289/shangri-la_frontier-rustica_con_sobrecubierta/todos|/catalogsearch/result/index/?price=129-199&q=SHANGRI+LA+FRONTIER&product_list_order=name
6313cd63e79ac634c6e80cca|637acaa6a9208d5cf27ce0b3|Mashle|mashle|-|Shōnen|Tankōbon|manga|bimonthly|ongoing|12|2022-06-08|Adventure, Comic Fantasy|Author: Hajime Kōmoto|/ediciones/620348/mashle_magia_y_musculo-rustica_con_sobrecubierta/todos|/catalogsearch/result/index/?price=139-238&q=mashle&product_list_order=name
6313cd63e79ac634c6e80cca|637acaa6a9208d5cf27ce0b4|Mushoku Tensei|mushoku-tensei|-|Seinen|Tankōbon|manga|bimonthly|ongoing|25|2022-06-22|Fantasy, Harem, Isekai|Writer: Rifujin na Magonote; Illustrator: Yuka Fujikawa|/ediciones/625297/mushoku_tensei_reencarnacion_desde_cero-rustica_con_sobrecubierta/todos|/catalogsearch/result/index/?q=mushoku+tensei&product_list_order=name
6313cd63e79ac634c6e80cca|637acaa6a9208d5cf27ce0b5|Girlfriend, Girlfriend|girlfriend-girlfriend|-|Shōnen|Tankōbon|manga|bimonthly|ongoing|11|2022-06-29|Romantic Comedy|Author: Hiroyuki|/ediciones/622949/girlfriend_girlfriend_kanojo_mo_kanojo-rustica_con_sobrecubierta/todos|/catalogsearch/result/index/?price=139-733&q=girlfriend%2C+girlfriend&product_list_order=name
6313cd63e79ac634c6e80cca|637acaa6a9208d5cf27ce0b6|Ataque de los Titanes: Deluxe Edition|ataque-de-los-titanes-deluxe-edition|-|Shōnen|Tankōbon|manga|monthly|ongoing|17|2022-06-20|Action, Dark Fantasy, Post-Apocalyptic|Author: Hajime Isayama|/ediciones/625163/ataque_de_los_titanes_-_deluxe_edition-rustica_con_sobrecubierta/todos|/catalogsearch/result/index/?q=AOT+-+LUX+EDITION&product_list_order=name
6313cd63e79ac634c6e80cca|637acaa6a9208d5cf27ce0b7|Lady Snowblood|lady-snowblood|-|Seinen|Tankōbon|manga|monthly|ongoing|2|2022-07-15|Action, Adventure, Jidaigeki, Martial Arts, Gore, Rape and Revenge|Writer: Kazuo Koike; Illustrator: Kazuo Kamimura|/ediciones/626070/lady_snowblood-rustica_con_sobrecubierta/todos|/catalogsearch/result/index/?q=Lady+snowblood&product_list_order=name
6313cd63e79ac634c6e80cca|637acaa6a9208d5cf27ce0b8|Death Note: Black Edition|death-note-black-edition|-|Shōnen|Tankōbon|manga|bimonthly|ongoing|6|2022-07-27|Mystery, Psychological Thriller, Supernatural Thriller|Writer: Tsugumi Ohba; Illustrator: Takeshi Obata|/ediciones/625331/death_note_-_black_edition-rustica_con_sobrecubierta/todos|/catalogsearch/result/index/?q=death+note+black+edition&product_list_order=name
6313cd63e79ac634c6e80cca|637acaa6a9208d5cf27ce0b9|Jujutsu Kaisen: Fanbook Oficial|jujutsu-kaisen-fanbook-oficial|-|Guide|Tankōbon|manga|one-shot|completed|1|2022-08-10|Guide|Author: Gege Akutami|/ediciones/616855/jujutsu_kaisen_contiendas_de_brujeria_-_fanbook_oficial-rustica_con_sobrecubierta|/jujutsu-fan-book-n1
6313cd63e79ac634c6e80cca|637acaa6a9208d5cf27ce0ba|What a Wonderful World!|what-a-wonderful-world|-|Seinen|Tankōbon|manga|bimonthly|ongoing|2|2022-08-31|Comedy, Slice of Life|Author: Inio Asano|/ediciones/625325/what_a_wonderful_world_subarashii_sekai-rustica_con_sobrecubierta/todos|-
6313cd63e79ac634c6e80cca|637acaa6a9208d5cf27ce0bb|Pluto|pluto|-|Seinen|Tankōbon|manga|bimonthly|ongoing|8|2022-09-14|Mystery, Science Fiction, Thriller|Writer: Naoki Urasawa, Takashi Nagasaki; Illustrator: Naoki Urasawa|/ediciones/627338/pluto-rustica_con_sobrecubierta/todos|/catalogsearch/result/index/?price=139-140&q=pluto
6313cd63e79ac634c6e80cca|637acaa6a9208d5cf27ce0bc|Pokémon Diamond And Pearl|pokemon-diamond-and-pearl|-|Shōnen|Tankōbon|manga|bimonthly|ongoing|8|2022-09-14|Adventure, Fantasy|Writer: Hidenori Kusaka; Illustrator: Satoshi Yamamoto|/ediciones/625985/pokemon_diamond_and_pearl-rustica_con_sobrecubierta/todos|/catalogsearch/result/index/?collection=POKEMON+DIAMOND+%26+PEARL&q=pokemon&year=2022
6313cd63e79ac634c6e80cca|637acaa6a9208d5cf27ce0bd|Kaiju No. 8|kaiju-8|-|Shōnen|Tankōbon|manga|bimonthly|ongoing|8|2022-04-13|Adventure, Science Fantasy|Author: Naoya Matsumoto|/ediciones/620306/kaiju_no_8-rustica_con_sobrecubierta/todos|/catalogsearch/result/index/?collection=KAIJU+8&q=kaiju+8&product_list_order=name
6313cd63e79ac634c6e80cca|637acaa6a9208d5cf27ce0be|Hellbound|hellbound|-|Thriller|Tankōbon|manhwa|bimonthly|completed|2|2022-08-24|Thriller|Writer: Yeon Sangho; Illustrator: Choi Gyuseok|/ediciones/625207/the_hellbound-rustica/todos|/catalogsearch/result/index/?q=hellbound&product_list_order=name
6313cd63e79ac634c6e80cca|637acaa6a9208d5cf27ce0bf|Frieren|frieren|-|Shōnen|Tankōbon|manga|bimonthly|ongoing|9|2022-05-18|Adventure, Drama, Fantasy|Writer: Kanehito Yamada; Illustrator: Choi Gyuseok|/ediciones/620460/frieren_mas_alla_del_fin_del_viaje-rustica_con_sobrecubierta/todos|/catalogsearch/result/index/?q=frieren&product_list_order=name
6313cd63e79ac634c6e80cca|637acaa6a9208d5cf27ce0c0|Naruto Gold|naruto-gold|-|Shōnen|Tankōbon|manga|bimonthly|ongoing|26|2022-09-28|Adventure, Fantasy Comedy, Martial Arts|Author: Masashi Kishimoto|/ediciones/627137/naruto_-_gold_edition-rustica_con_sobrecubierta/todos|-
6313cd63e79ac634c6e80cca|637acaa6a9208d5cf27ce0c1|Re:Zero (Chapter four)|re-zero-chapter-four|-|Shōnen|Tankōbon|light-novel|bimonthly|ongoing|4|2022-05-18|Adventure, Comedy, Drama, Fantasy, Romance|Author: Tappei Nagatsuki|/ediciones/620854/rezero_-_capitulo_4_el_santuario_y_la_bruja_de_la_codicia-rustica_con_sobrecubierta/todos|/catalogsearch/result/index/?q=re+zero+chapter+four&product_list_order=name
6313cd63e79ac634c6e80cca|637acaa6a9208d5cf27ce0c2|Perfect World|perfect-world|-|Josei|Tankōbon|manga|bimonthly|ongoing|12|2022-11-02|Drama, Romance|Author: Rie Aruga|/ediciones/629886/perfect_world-rustica_con_sobrecubierta/todos|-
6313cd63e79ac634c6e80cca|637acaa6a9208d5cf27ce0c3|Umimachi Diary|umimachi-diary|-|Josei|Tankōbon|manga|bimonthly|ongoing|9|2022-11-02|Drama|Author: Akimi Yoshida|/ediciones/630007/umimachi_diary_diario_de_una_ciudad_costera-rustica_con_sobrecubierta/todos|-
